Timo;45 647;mies
Juha;45 459;mies
Matti;45 132;mies
Kari;41 471;mies
Mikko;39 156;mies
Antti;38 696;mies
Jari;38 416;mies
Jukka;34 793;mies
Markku;34 020;mies
Mika;33 825;mies
Pekka;33 630;mies
Tuula;31 863;nainen
Hannu;31 001;mies
Anne;30 683;nainen
Ritva;30 588;nainen
Heikki;30 468;mies
Anna;30 391;nainen
Päivi;30 357;nainen
Leena;29 566;nainen
Seppo;29 366;mies
Pirjo;28 924;nainen
Sari;27 927;nainen
Minna;27 866;nainen
Janne;27 767;mies
Marja;27 598;nainen
Ari;27 502;mies
Sami;26 345;mies
Riitta;26 138;nainen
Tiina;26 037;nainen
Ville;25 789;mies
Marko;25 331;mies
Tarja;25 143;nainen
Pirkko;24 786;nainen
Petri;24 345;mies
Lauri;23 763;mies
Laura;23 613;nainen
Erkki;23 598;mies
Pentti;23 101;mies
Eeva;22 948;nainen
Jani;22 894;mies
Seija;22 823;nainen
Liisa;22 748;nainen
Aino;22 716;nainen
Anja;22 502;nainen
Raija;22 333;nainen
Sirpa;21 893;nainen
Eila;21 666;nainen
Jaana;21 621;nainen
Satu;21 612;nainen
Jorma;21 608;mies
Heidi;21 419;nainen
Hanna;21 393;nainen
Sanna;21 149;nainen
Eija;20 613;nainen
Harri;20 345;mies
Teemu;20 341;mies
Maria;20 260;nainen
Merja;19 960;nainen
Eero;19 634;mies
Kirsi;19 533;nainen
Johanna;19 520;nainen
Raimo;19 455;mies
Arja;19 250;nainen
Jaakko;19 061;mies
Jarmo;19 002;mies
Risto;18 978;mies
Maija;18 962;nainen
Paula;18 259;nainen
Pasi;18 216;mies
Jussi;18 200;mies
Ulla;18 058;nainen
Sirkka;17 943;nainen
Pertti;17 504;mies
Esa;17 479;mies
Martti;17 440;mies
Juho;17 260;mies
Jouni;16 980;mies
Jenni;16 874;nainen
Niko;16 833;mies
Reijo;16 817;mies
Toni;16 795;mies
Arto;16 632;mies
Veikko;16 547;mies
Elina;16 244;nainen
Jouko;15 879;mies
Markus;15 841;mies
Katja;15 840;nainen
Vesa;15 719;mies
Tomi;15 526;mies
Esko;15 506;mies
Olli;15 404;mies
Tuomas;15 365;mies
Raili;15 254;nainen
Mari;15 162;nainen
Terttu;15 152;nainen
Heli;15 147;nainen
Aleksi;15 125;mies
Anni;14 954;nainen
Kimmo;14 953;mies
Nina;14 898;nainen
Hilkka;14 772;nainen
Joni;14 550;mies
Tommi;14 408;mies
Kirsti;14 349;nainen
Mirja;14 117;nainen
Tero;14 026;mies
Emma;13 672;nainen
Joonas;13 095;mies
Helena;13 007;nainen
Kaija;12 845;nainen
Henri;12 681;mies
Anu;12 654;nainen
Tuija;12 500;nainen
Eetu;12 136;mies
Niina;11 745;nainen
Paavo;11 603;mies
Kalle;11 597;mies
Sara;11 569;nainen
Ilkka;11 560;mies
Kaisa;11 442;nainen
Jarkko;11 441;mies
Leo;11 351;mies
Irma;11 310;nainen
Pauli;11 285;mies
Emilia;11 241;nainen
Suvi;11 233;nainen
Pia;11 143;nainen
Aila;11 137;nainen
Saara;11 135;nainen
Tanja;10 982;nainen
Jesse;10 971;mies
Leila;10 867;nainen
Eino;10 848;mies
Tuomo;10 814;mies
Jenna;10 727;nainen
Ella;10 711;nainen
Katri;10 637;nainen
Maarit;10 491;nainen
Kati;10 449;nainen
Joona;10 439;mies
Lea;10 439;nainen
Henna;10 389;nainen
Marjo;10 377;nainen
Irja;10 270;nainen
Sofia;10 172;nainen
Noora;10 051;nainen
Tapio;10 032;mies
Veera;9 999;nainen
Jere;9 823;mies
Susanna;9 769;nainen
Veli;9 764;mies
Riikka;9 678;nainen
Kerttu;9 628;nainen
Marja-Leena;9 613;nainen
Juuso;9 485;mies
Elias;9 479;mies
Mikael;9 456;mies
Julia;9 449;nainen
Sinikka;9 371;nainen
Iida;9 364;nainen
Outi;9 335;nainen
Keijo;9 304;mies
Taina;9 249;nainen
Mervi;9 246;nainen
Matias;9 196;mies
Onni;9 135;mies
Simo;9 084;mies
Helmi;8 909;nainen
Jyrki;8 886;mies
Virpi;8 851;nainen
Jonna;8 845;nainen
Arttu;8 823;mies
Milla;8 808;nainen
Lasse;8 757;mies
Emmi;8 499;nainen
Marja-Liisa;8 449;nainen
Miia;8 402;nainen
Juhani;8 366;mies
Sonja;8 207;nainen
Leevi;8 145;mies
Toivo;8 114;mies
Venla;8 105;nainen
Aki;8 098;mies
Tiia;8 085;nainen
Mauri;8 069;mies
Kai;7 966;mies
Riku;7 874;mies
Väinö;7 795;mies
Marika;7 755;nainen
Kauko;7 750;mies
Elli;7 554;nainen
Niklas;7 553;mies
Otto;7 539;mies
Joel;7 535;mies
Siiri;7 525;nainen
Aune;7 520;nainen
Reino;7 516;mies
Terhi;7 505;nainen
Elsa;7 496;nainen
Sisko;7 469;nainen
Lotta;7 459;nainen
Miika;7 427;mies
Jarno;7 341;mies
Sini;7 293;nainen
Sanni;7 282;nainen
Annika;7 162;nainen
Rauno;7 130;mies
Jan;7 072;mies
Teija;7 066;nainen
Mira;7 022;nainen
Teuvo;6 990;mies
Vilma;6 983;nainen
Maire;6 951;nainen
Ida;6 948;nainen
Niilo;6 944;mies
Veeti;6 846;mies
Daniel;6 821;mies
Valtteri;6 803;mies
Mia;6 745;nainen
Anita;6 725;nainen
Oona;6 630;nainen
Essi;6 464;nainen
Airi;6 444;nainen
Olavi;6 355;mies
Nea;6 301;nainen
Rasmus;6 270;mies
Tauno;6 262;mies
Ossi;6 260;mies
Piia;6 244;nainen
Linda;6 242;nainen
Taru;6 166;nainen
Anneli;6 076;nainen
Veijo;6 067;mies
Roope;6 036;mies
Ismo;6 025;mies
Viivi;5 971;nainen
Aada;5 940;nainen
Santeri;5 866;mies
Anna-Liisa;5 865;nainen
Marita;5 839;nainen
Anssi;5 791;mies
Osmo;5 725;mies
Petra;5 713;nainen
Atte;5 633;mies
Kalevi;5 632;mies
Oskari;5 619;mies
Anton;5 533;mies
Aaro;5 525;mies
Vilho;5 495;mies
Asko;5 493;mies
Elisa;5 471;nainen
Erja;5 471;nainen
Roosa;5 426;nainen
Salla;5 379;nainen
Vuokko;5 378;nainen
Miro;5 354;mies
Samuli;5 344;mies
Helvi;5 317;nainen
Silja;5 306;nainen
Pinja;5 220;nainen
Oliver;5 176;mies
Samu;5 167;mies
Iina;5 131;nainen
Aili;5 118;nainen
Aimo;5 078;mies
Marjatta;5 011;nainen
Taisto;5 001;mies
Aapo;4 982;mies
Tuukka;4 958;mies
Yrjö;4 955;mies
Lassi;4 936;mies
Kim;4 934;mies
Samuel;4 924;mies
Krista;4 865;nainen
Ronja;4 790;nainen
Emil;4 782;mies
Toini;4 755;nainen
Inka;4 704;nainen
Amanda;4 698;nainen
Martta;4 697;nainen
Riina;4 691;nainen
Jenny;4 638;nainen
Johan;4 618;mies
Marjut;4 613;nainen
Marianne;4 612;nainen
Salme;4 589;nainen
Milja;4 559;nainen
Enni;4 454;nainen
Aarne;4 419;mies
Roni;4 413;mies
Eemeli;4 408;mies
Lilja;4 391;nainen
Karl;4 364;mies
Topi;4 360;mies
Soile;4 360;nainen
Eva;4 356;nainen
Elvi;4 324;nainen
Jasmin;4 321;nainen
Henry;4 311;mies
Jimi;4 284;mies
Henrik;4 270;mies
Tarmo;4 262;mies
Tapani;4 246;mies
Eveliina;4 241;nainen
Julius;4 226;mies
Konsta;4 213;mies
Mauno;4 190;mies
Olivia;4 166;nainen
Miikka;4 158;mies
Iiris;4 134;nainen
Tatu;4 103;mies
Jyri;4 086;mies
Maija-Liisa;4 077;nainen
Erik;4 064;mies
Viljo;4 061;mies
Aira;4 039;nainen
Sakari;4 029;mies
Kristiina;4 022;nainen
Ilona;4 012;nainen
Asta;3 999;nainen
Anniina;3 996;nainen
Arvo;3 990;mies
Saana;3 986;nainen
Akseli;3 964;mies
Johannes;3 949;mies
Hannele;3 925;nainen
Katariina;3 924;nainen
Reetta;3 899;nainen
Tom;3 888;mies
Sauli;3 876;mies
Ahti;3 872;mies
Aatu;3 872;mies
Laila;3 863;nainen
Sirkka-Liisa;3 846;nainen
Auli;3 839;nainen
Meeri;3 839;nainen
Saku;3 822;mies
Ilpo;3 816;mies
Kaarlo;3 778;mies
Patrik;3 775;mies
Rauni;3 775;nainen
Saija;3 748;nainen
Max;3 744;mies
Alex;3 741;mies
Ellen;3 739;nainen
Alpo;3 705;mies
Nelli;3 695;nainen
Vili;3 664;mies
Taimi;3 645;nainen
Eevi;3 638;nainen
Maiju;3 637;nainen
Lars;3 604;mies
Kaj;3 603;mies
Eira;3 525;nainen
Linnea;3 519;nainen
Oiva;3 476;mies
Kaisu;3 469;nainen
Heini;3 453;nainen
Veli-Matti;3 449;mies
Alisa;3 447;nainen
Rami;3 445;mies
Minttu;3 439;nainen
Unto;3 435;mies
Armi;3 424;nainen
Kristian;3 422;mies
Kasper;3 421;mies
Jessica;3 413;nainen
Eemil;3 407;mies
Meri;3 337;nainen
Pihla;3 333;nainen
Jonne;3 330;mies
Kyösti;3 307;mies
Viljami;3 299;mies
Peter;3 298;mies
Tuuli;3 298;nainen
Juha-Pekka;3 203;mies
Iiro;3 196;mies
Rauha;3 172;nainen
Heimo;3 153;mies
Erika;3 145;nainen
Pauliina;3 127;nainen
Benjamin;3 116;mies
Nella;3 116;nainen
Miska;3 115;mies
Camilla;3 106;nainen
Matilda;3 057;nainen
Eelis;3 039;mies
Kaarina;3 030;nainen
Aulis;3 029;mies
Sylvi;2 989;nainen
Jami;2 977;mies
Sampo;2 976;mies
Jukka-Pekka;2 970;mies
Lenni;2 969;mies
Sirkku;2 965;nainen
Mirva;2 938;nainen
Neea;2 906;nainen
Alina;2 899;nainen
Topias;2 892;mies
Nico;2 888;mies
Carita;2 883;nainen
Janina;2 881;nainen
Eeli;2 877;mies
Oili;2 826;nainen
Eeva-Liisa;2 821;nainen
Karoliina;2 816;nainen
Sebastian;2 798;mies
Robert;2 796;mies
Maila;2 775;nainen
Hans;2 770;mies
Teppo;2 751;mies
Pyry;2 738;mies
Tony;2 715;mies
Soili;2 709;nainen
Anna-Maija;2 706;nainen
Senja;2 696;nainen
Urho;2 647;mies
Otso;2 638;mies
Jutta;2 637;nainen
Lahja;2 627;nainen
Margit;2 598;nainen
Alli;2 597;nainen
Sulo;2 594;mies
Irene;2 563;nainen
Leif;2 562;mies
Luka;2 548;mies
Aaron;2 546;mies
Petteri;2 545;mies
Aku;2 537;mies
Thomas;2 523;mies
Olga;2 513;nainen
Hilja;2 509;nainen
Birgitta;2 490;nainen
Miko;2 476;mies
Hilla;2 473;nainen
Santtu;2 472;mies
Hugo;2 463;mies
Elena;2 453;nainen
Vieno;2 435;nainen
Alexander;2 420;mies
Ilari;2 400;mies
Ada;2 386;nainen
Perttu;2 381;mies
Panu;2 379;mies
Tytti;2 379;nainen
Irina;2 366;nainen
Minea;2 340;nainen
Harry;2 338;mies
Peppi;2 333;nainen
Tea;2 329;nainen
Veli-Pekka;2 302;mies
Netta;2 301;nainen
Voitto;2 278;mies
Alma;2 266;nainen
Mila;2 256;nainen
Mirka;2 255;nainen
Carl;2 254;mies
Saimi;2 246;nainen
Maritta;2 246;nainen
Tyyne;2 233;nainen
Robin;2 230;mies
Juha-Matti;2 217;mies
Anne-Mari;2 214;nainen
Luukas;2 212;mies
Nooa;2 207;mies
Ulla-Maija;2 180;nainen
Tomas;2 173;mies
Olli-Pekka;2 171;mies
Urpo;2 169;mies
Veikka;2 164;mies
Rainer;2 160;mies
Helka;2 145;nainen
Kiia;2 145;nainen
Annikki;2 137;nainen
Jonas;2 136;mies
Mona;2 129;nainen
Noel;2 113;mies
John;2 110;mies
Marina;2 094;nainen
Hilma;2 089;nainen
Elmeri;2 073;mies
Terho;2 069;mies
Iris;2 062;nainen
Virve;2 060;nainen
Saga;2 059;nainen
Saila;2 059;nainen
Aini;2 056;nainen
Peetu;2 040;mies
Sandra;2 037;nainen
Nils;2 034;mies
Eine;2 031;nainen
Ilmari;2 022;mies
Nora;2 019;nainen
Kristina;2 008;nainen
Aarno;2 005;mies
Senni;1 991;nainen
Jasper;1 985;mies
Aija;1 984;nainen
Antero;1 978;mies
Viola;1 974;nainen
Janika;1 973;nainen
Karin;1 972;nainen
Vappu;1 953;nainen
Jemina;1 950;nainen
Paul;1 924;mies
Elma;1 923;nainen
Susanne;1 920;nainen
Christian;1 912;mies
Hilda;1 906;nainen
Stella;1 904;nainen
Fanny;1 893;nainen
Tino;1 889;mies
Tuire;1 885;nainen
Teijo;1 878;mies
Klaus;1 876;mies
Reima;1 875;mies
Lumi;1 870;nainen
Rosa;1 867;nainen
Nuutti;1 865;mies
Janette;1 861;nainen
Fanni;1 855;nainen
Taija;1 855;nainen
Lucas;1 826;mies
Vilja;1 825;nainen
Katriina;1 824;nainen
Oskar;1 823;mies
Aarre;1 813;mies
Juulia;1 813;nainen
Rita;1 799;nainen
Bengt;1 796;mies
Wilma;1 795;nainen
Joonatan;1 788;mies
Inga;1 787;nainen
Anders;1 781;mies
Hanne;1 773;nainen
Aatos;1 765;mies
Heta;1 763;nainen
Stefan;1 745;mies
Alexandra;1 744;nainen
Hannes;1 743;mies
Lari;1 743;mies
Stig;1 739;mies
Janita;1 734;nainen
Lukas;1 724;mies
Joakim;1 717;mies
Reija;1 712;nainen
Inkeri;1 706;nainen
Severi;1 704;mies
Birgit;1 702;nainen
Arvi;1 701;mies
Monica;1 691;nainen
Riitta-Liisa;1 689;nainen
Mirjam;1 688;nainen
Isla;1 685;nainen
Salli;1 680;nainen
Aarni;1 667;mies
Jade;1 666;nainen
Kaapo;1 663;mies
Anette;1 656;nainen
Ari-Pekka;1 649;mies
Tommy;1 644;mies
Aava;1 639;nainen
Rolf;1 636;mies
Lilli;1 635;nainen
Minja;1 628;nainen
Helli;1 621;nainen
Vera;1 619;nainen
Natalia;1 614;nainen
Selma;1 603;nainen
Marketta;1 598;nainen
Moona;1 597;nainen
Helga;1 591;nainen
Kasperi;1 590;mies
Frans;1 580;mies
Eini;1 580;nainen
Hertta;1 577;nainen
Joanna;1 573;nainen
Sven;1 566;mies
Varpu;1 564;nainen
Karri;1 562;mies
Eerika;1 558;nainen
Axel;1 551;mies
Oscar;1 551;mies
Heljä;1 551;nainen
Anna-Kaisa;1 551;nainen
Irmeli;1 546;nainen
Maisa;1 545;nainen
Kalervo;1 543;mies
Justus;1 542;mies
Jesper;1 516;mies
Andreas;1 506;mies
Janna;1 506;nainen
Marcus;1 501;mies
Kurt;1 496;mies
Jori;1 493;mies
Isabella;1 489;nainen
Martin;1 465;mies
Erno;1 464;mies
Elsi;1 457;nainen
Titta;1 446;nainen
Sisu;1 444;mies
Luca;1 440;mies
Kia;1 438;nainen
Manu;1 437;mies
Tuulikki;1 436;nainen
Tenho;1 431;mies
William;1 426;mies
Kerstin;1 426;nainen
Anna-Maria;1 426;nainen
Frida;1 420;nainen
Alvar;1 419;mies
Brita;1 400;nainen
Mats;1 387;mies
Ali;1 386;mies
Jerry;1 384;mies
Christina;1 377;nainen
Vanessa;1 375;nainen
Ralf;1 374;mies
Kenneth;1 367;mies
Marjaana;1 366;nainen
Taneli;1 365;mies
Lena;1 365;nainen
Laina;1 361;nainen
Kimi;1 360;mies
Raisa;1 357;nainen
Miisa;1 341;nainen
Marja-Terttu;1 340;nainen
Anitta;1 334;nainen
Elmo;1 331;mies
Mette;1 331;nainen
Lempi;1 325;nainen
Kirsi-Marja;1 323;nainen
Tuovi;1 322;nainen
Timi;1 296;mies
Rauli;1 280;mies
Jari-Pekka;1 280;mies
Ninni;1 273;nainen
Kyllikki;1 272;nainen
Bo;1 269;mies
Aurora;1 265;nainen
Touko;1 263;mies
Patrick;1 257;mies
Seela;1 256;nainen
Kiira;1 256;nainen
Tia;1 255;nainen
Tilda;1 252;nainen
Per;1 249;mies
Annukka;1 249;nainen
Taavi;1 247;mies
Mikaela;1 242;nainen
Iisa;1 238;nainen
Cecilia;1 237;nainen
Björn;1 234;mies
Simon;1 231;mies
Inger;1 220;nainen
Aliisa;1 219;nainen
Jonathan;1 215;mies
Viktor;1 210;mies
Fredrik;1 208;mies
Hanna-Mari;1 206;nainen
Jooa;1 201;mies
Miina;1 195;nainen
Vertti;1 194;mies
Hanna-Leena;1 194;nainen
Raine;1 190;mies
Heino;1 182;mies
Berit;1 182;nainen
Ira;1 176;nainen
Elin;1 169;nainen
Reeta;1 168;nainen
Verneri;1 167;mies
Helinä;1 165;nainen
Thi;1 148;nainen
Anna-Mari;1 142;nainen
Michael;1 138;mies
Juhana;1 132;mies
Siv;1 131;nainen
Jiri;1 130;mies
Henni;1 130;nainen
Marja-Riitta;1 128;nainen
Barbro;1 126;nainen
Raila;1 126;nainen
Else;1 121;nainen
Melissa;1 111;nainen
Tina;1 103;nainen
Elise;1 098;nainen
Mico;1 097;mies
Felix;1 096;mies
Sointu;1 095;nainen
Carola;1 089;nainen
Kaisla;1 088;nainen
Marianna;1 087;nainen
Lisa;1 086;nainen
Siru;1 084;nainen
Linus;1 083;mies
Daniela;1 083;nainen
Aura;1 081;nainen
Kevin;1 077;mies
Tuulia;1 076;nainen
Ulf;1 070;mies
Malin;1 065;nainen
Stina;1 065;nainen
Solveig;1 064;nainen
Eerik;1 061;mies
Kosti;1 057;mies
Dan;1 056;mies
Eemi;1 056;mies
Hely;1 056;nainen
Milo;1 049;mies
Melina;1 045;nainen
Katarina;1 041;nainen
Tuure;1 039;mies
Casper;1 037;mies
Jan-Erik;1 028;mies
Helge;1 023;mies
Valma;1 021;nainen
Saima;1 021;nainen
Pirkko-Liisa;1 020;nainen
Anna-Leena;1 016;nainen
Sampsa;1 005;mies
Tobias;1 001;mies
Mohamed;1 000;mies
Karita;998;nainen
Mathias;989;mies
David;981;mies
Artturi;981;mies
Svetlana;979;nainen
Gunilla;975;nainen
Anne-Maria;969;nainen
Annina;965;nainen
Marjo-Riitta;963;nainen
Pilvi;963;nainen
Maj-Britt;962;nainen
Marie;961;nainen
Sanna-Mari;961;nainen
Carina;953;nainen
Lyyli;952;nainen
Teresa;948;nainen
Liina;948;nainen
Tinja;948;nainen
Armas;947;mies
Ester;944;nainen
Bror;938;mies
Allan;935;mies
Enna;934;nainen
Niki;933;mies
Ville-Veikko;927;mies
Christer;921;mies
Juuli;921;nainen
Säde;918;nainen
Auvo;914;mies
Visa;909;mies
Taika;909;nainen
Virva;905;nainen
Leea;904;nainen
Greta;902;nainen
Ilmo;899;mies
Erkka;899;mies
Jens;896;mies
Magnus;893;mies
Eliisa;892;nainen
Lina;892;nainen
Susan;891;nainen
Mimosa;891;nainen
Mea;888;nainen
Elle;883;nainen
Saaga;880;nainen
Monika;876;nainen
Kira;876;nainen
Tessa;873;nainen
Maija-Leena;872;nainen
Erin;871;nainen
Taito;870;mies
Lilian;870;nainen
Henriikka;869;nainen
Gun;866;nainen
Adam;865;mies
Hanna-Kaisa;865;nainen
Neela;863;nainen
Bertta;857;nainen
Gunnel;855;nainen
Alf;852;mies
Liisi;848;nainen
Milka;845;nainen
Noah;844;mies
Sarah;842;nainen
Edvin;839;mies
Nanna;837;nainen
Astrid;836;nainen
Kjell;834;mies
Tellervo;834;nainen
Iikka;832;mies
Diana;832;nainen
Charlotta;832;nainen
Victor;826;mies
Aulikki;826;nainen
Riia;823;nainen
Victoria;823;nainen
Janica;823;nainen
Krister;821;mies
Erica;821;nainen
Roger;819;mies
Inna;813;nainen
Tatiana;806;nainen
Marjukka;804;nainen
Anne-Marie;801;nainen
Valto;800;mies
Rebecca;794;nainen
Nadja;790;nainen
Jose;785;mies
Jalo;785;mies
Harriet;785;nainen
Mirjami;784;nainen
Åsa;784;nainen
Margareta;781;nainen
Petrus;778;mies
Suoma;777;nainen
Göran;773;mies
Annu;773;nainen
Ansa;771;nainen
Joose;770;mies
Gunvor;770;nainen
Janni;767;nainen
Josefiina;767;nainen
Altti;766;mies
Maaret;766;nainen
Marco;764;mies
Jeremias;763;mies
Jussi-Pekka;761;mies
Tiitus;761;mies
Vesa-Matti;757;mies
Ukko;755;mies
Jatta;752;nainen
Mirella;752;nainen
Niclas;750;mies
Edith;748;nainen
Aleksanteri;747;mies
Waltteri;747;mies
Ingrid;747;nainen
Sasu;739;mies
Börje;738;mies
Eliel;736;mies
Jasmine;736;nainen
Jimmy;735;mies
Albert;735;mies
Ruth;732;nainen
Jarl;731;mies
Isto;731;mies
Kaarle;730;mies
Nita;730;nainen
Pipsa;728;nainen
Nelly;728;nainen
Lyydia;726;nainen
Teo;723;mies
Rebekka;723;nainen
Vivian;723;nainen
Onerva;723;nainen
Ruut;723;nainen
Adele;719;nainen
Ebba;719;nainen
Benita;717;nainen
Aleksandra;712;nainen
Jon;711;mies
Annamari;706;nainen
Jonatan;705;mies
Sohvi;705;nainen
Aida;703;nainen
Antton;701;mies
Mimmi;701;nainen
Piritta;697;nainen
Okko;696;mies
Doris;696;nainen
Mailis;694;nainen
Filip;690;mies
Verna;690;nainen
Rea;688;nainen
Nikolas;684;mies
Orvokki;681;nainen
Pirita;681;nainen
Ann-Mari;677;nainen
Isa;671;nainen
Johnny;665;mies
Minka;665;nainen
Roy;663;mies
Tor;662;mies
Niila;660;mies
Alva;650;nainen
Iita;643;nainen
Ilmi;642;nainen
Richard;641;mies
Mirkka;640;nainen
Britta;636;nainen
Ahmed;634;mies
Nicolas;634;mies
Paulus;634;mies
Elna;634;nainen
Alice;630;nainen
Eric;627;mies
Torsti;626;mies
Lila;624;nainen
Annette;624;nainen
Fiona;622;nainen
Leon;618;mies
Impi;618;nainen
Turo;617;mies
Oula;615;mies
Kaino;615;nainen
Iines;615;nainen
Yvonne;609;nainen
Jim;608;mies
Matleena;608;nainen
Unna;607;nainen
Ann;605;nainen
Ekaterina;605;nainen
Sarita;604;nainen
Aamu;603;nainen
Sofie;602;nainen
Jonni;601;mies
Meea;601;nainen
Maj-Lis;600;nainen
Dennis;599;mies
Noa;599;mies
Elia;598;mies
Isabel;598;nainen
Tove;597;nainen
Anastasia;596;nainen
Ina;596;nainen
Saini;595;nainen
Malla;595;nainen
Iivari;594;mies
Jennifer;593;nainen
Minni;592;nainen
Liam;591;mies
Pirjo-Riitta;591;nainen
Selina;589;nainen
Sylvia;587;nainen
Åke;586;mies
Regina;585;nainen
Raakel;580;nainen
Tim;578;mies
Gabriel;578;mies
Ilse;578;nainen
Hemmo;575;mies
Ava;574;nainen
Ensio;573;mies
Lilia;572;nainen
Luna;570;nainen
Hanna-Maria;567;nainen
Rene;566;mies
Christoffer;566;mies
Marju;563;nainen
Sabina;563;nainen
Martina;562;nainen
Håkan;560;mies
Vincent;559;mies
Inari;558;nainen
Amalia;557;nainen
Ilja;554;mies
Andrei;552;mies
Bjarne;550;mies
Nicholas;546;mies
Reko;542;mies
Elviira;542;nainen
Kauno;541;mies
Venni;539;mies
Siri;539;nainen
Ben;538;mies
Jasmiina;536;nainen
Hellevi;535;nainen
Iivo;534;mies
Christa;534;nainen
Elisabeth;532;nainen
Christel;531;nainen
Ritva-Liisa;530;nainen
Patricia;530;nainen
Isak;529;mies
Signe;529;nainen
Henna-Riikka;529;nainen
Ines;525;nainen
Ulrika;525;nainen
Jalmari;524;mies
Amelia;523;nainen
Carolina;522;nainen
Hermanni;521;mies
Atso;520;mies
Usko;520;mies
Mark;519;mies
Eevert;518;mies
Tara;518;nainen
Gunnar;517;mies
Mio;517;mies
Viena;516;nainen
Ville-Pekka;515;mies
Raino;515;mies
Anne-Maarit;515;nainen
Eivor;515;nainen
Sam;513;mies
Frank;512;mies
Ida-Maria;512;nainen
Rafael;510;mies
Hillevi;508;nainen
Pirjo-Liisa;508;nainen
Maya;505;nainen
Petja;504;mies
Vesa-Pekka;503;mies
Lisbeth;503;nainen
Galina;503;nainen
Kielo;502;nainen
Tatjana;500;nainen
Helen;500;nainen
Milena;500;nainen
Ria;499;nainen
Nikolai;497;mies
Valentina;494;nainen
Miki;491;mies
Aamos;491;mies
Jessika;488;nainen
Juri;487;mies
Eija-Liisa;486;nainen
Pietari;484;mies
Elisabet;484;nainen
Dani;480;mies
Sinna;480;nainen
Sirja;479;nainen
Natalie;479;nainen
Mirko;478;mies
Esteri;478;nainen
Linn;477;nainen
Emily;477;nainen
Sanna-Kaisa;477;nainen
Veronica;477;nainen
Jasu;476;mies
Eppu;475;mies
Adrian;475;mies
Walter;473;mies
Eve;472;nainen
Selja;471;nainen
Siina;469;nainen
Theo;466;mies
Antti-Jussi;466;mies
Eeva-Maria;466;nainen
Agneta;464;nainen
Guy;463;mies
Aapeli;460;mies
Eljas;458;mies
Eeva-Maija;458;nainen
Aron;457;mies
Arno;456;mies
Tua;454;nainen
Felicia;454;nainen
Vladimir;453;mies
Elis;453;mies
Valter;451;mies
Arne;448;mies
Jare;447;mies
Maaria;447;nainen
Toimi;446;mies
Meiju;440;nainen
Sanna-Maria;439;nainen
Soila;439;nainen
Kari-Pekka;438;mies
Märta;437;nainen
Lara;437;nainen
Amos;436;mies
Georg;436;mies
Claudia;435;nainen
Bea;434;nainen
Lydia;433;nainen
Gustav;432;mies
Sani;432;nainen
Mary;431;nainen
Noomi;431;nainen
Anna-Sofia;425;nainen
Charlotte;424;nainen
Tamara;423;nainen
Aukusti;422;mies
Jaro;421;mies
Evelina;420;nainen
Vilhelmiina;420;nainen
Sten;419;mies
Elvira;419;nainen
Livia;418;nainen
Antti-Pekka;417;mies
Aatto;416;mies
Rakel;416;nainen
Christopher;413;mies
Hellä;413;nainen
Pontus;412;mies
Josefina;412;nainen
Einari;411;mies
Boris;411;mies
Iida-Maria;409;nainen
Anne-Maj;409;nainen
Hellin;409;nainen
Ellinoora;408;nainen
Michelle;406;nainen
Silva;406;nainen
Sofi;405;nainen
Agnes;404;nainen
Ronny;403;mies
Stiina;401;nainen
Nicole;401;nainen
Turkka;400;mies
Miranda;400;nainen
Jane;399;nainen
Maili;398;nainen
Heleena;398;nainen
Lili;397;nainen
Neo;396;mies
Lumia;396;nainen
Assi;396;nainen
Christine;395;nainen
Arsi;394;mies
Lily;394;nainen
Teea;394;nainen
Julianna;393;nainen
Nicklas;391;mies
Hannamari;391;nainen
Mohammad;390;mies
Alissa;390;nainen
Samppa;389;mies
Michaela;389;nainen
Pekko;388;mies
Nathalie;388;nainen
Helmiina;388;nainen
Melinda;387;nainen
Sarianna;386;nainen
Nuppu;386;nainen
Kaius;385;mies
Into;385;mies
Tage;384;mies
Kent;382;mies
Klas;382;mies
Loviisa;380;nainen
Antto;379;mies
Rune;379;mies
Ulpu;379;nainen
Gun-Britt;379;nainen
Roosa-Maria;377;nainen
Jeanette;375;nainen
Emelie;375;nainen
Soini;373;mies
Jelena;373;nainen
Bettina;373;nainen
Aksel;372;mies
André;371;mies
Mattias;371;mies
Annemari;371;nainen
Hanna-Maija;371;nainen
Maj;370;nainen
Liinu;370;nainen
Caroline;370;nainen
Gretel;368;nainen
Svea;368;nainen
Briitta;367;nainen
Uuno;366;mies
Omar;365;mies
Silvia;365;nainen
Jannika;363;nainen
Fiia;362;nainen
Nana;361;nainen
Kristoffer;359;mies
Larissa;358;nainen
Leena-Maija;357;nainen
Jakob;354;mies
Aleksandr;354;mies
Karla;354;nainen
Tiia-Maria;352;nainen
Aina;352;nainen
Asmo;351;mies
Kirsi-Maria;351;nainen
Ann-Marie;351;nainen
Madeleine;351;nainen
Elliot;350;mies
Aliina;350;nainen
Mikke;348;mies
Minna-Liisa;344;nainen
Pamela;344;nainen
Anelma;344;nainen
Sergei;343;mies
Nenna;343;nainen
Moa;342;nainen
Osku;341;mies
Göta;341;nainen
Wille;340;mies
Raija-Liisa;340;nainen
Edit;340;nainen
Bruno;339;mies
Orvo;339;mies
Jarna;339;nainen
Ole;337;mies
Sophie;336;nainen
Karolina;336;nainen
Jasmina;335;nainen
Romeo;333;mies
Nestori;333;mies
Ivan;332;mies
Jonny;332;mies
Mandi;332;nainen
Artur;331;mies
Linnéa;330;nainen
Annastiina;330;nainen
Mirja-Liisa;329;nainen
Maxim;328;mies
Rebecka;328;nainen
Amina;327;nainen
Van;326;mies
Veronika;326;nainen
Eedit;326;nainen
Matts;325;mies
Hannah;325;nainen
Lenita;324;nainen
Miira;324;nainen
Pernilla;324;nainen
Nino;323;mies
Elmer;323;mies
Clara;323;nainen
Ville-Petteri;320;mies
Ann-Christine;320;nainen
Joa;318;mies
Igor;318;mies
Leeni;317;nainen
Vilppu;316;mies
Merita;315;nainen
Rut;315;nainen
Amelie;315;nainen
Henrietta;314;nainen
Viktoria;314;nainen
Kaarin;313;nainen
Gerd;313;nainen
Pavel;312;mies
Elea;312;nainen
Anttoni;311;mies
Erna;311;nainen
Arthur;310;mies
Philip;310;mies
Svante;310;mies
Sophia;310;nainen
Mathilda;309;nainen
Mohammed;308;mies
Alicia;308;nainen
Jenniina;307;nainen
Maja;307;nainen
Albin;305;mies
Ruben;305;mies
Wilhelm;305;mies
Maj-Len;305;nainen
Vaula;305;nainen
Rosita;304;nainen
Valde;303;mies
Andrea;303;nainen
Karo;302;mies
Aleksander;302;mies
Ramona;302;nainen
Beata;302;nainen
Helene;302;nainen
Kaino;301;mies
Pietu;301;mies
Pete;300;mies
Marit;300;nainen
Herman;299;mies
Riika;299;nainen
Eeva-Kaisa;299;nainen
Lidia;299;nainen
Ibrahim;298;mies
Vivi;297;nainen
Hulda;297;nainen
Milana;297;nainen
Esa-Pekka;296;mies
Mitja;296;mies
Olof;295;mies
Mariia;295;nainen
Aake;294;mies
Lennart;294;mies
Mariitta;294;nainen
Ove;293;mies
Kasimir;293;mies
Pirkka;292;mies
James;292;mies
Hannu-Pekka;292;mies
Ville-Matti;292;mies
Yasmin;292;nainen
Jacob;291;mies
Erkko;291;mies
Mari-Anne;291;nainen
Per-Erik;290;mies
Sanja;290;nainen
Abdirahman;289;mies
Jari-Matti;289;mies
Iitu;289;nainen
Lisbet;289;nainen
Gösta;288;mies
Mertsi;288;mies
Rosanna;288;nainen
Sonia;287;nainen
Mai;286;nainen
Beatrice;286;nainen
Louna;286;nainen
Amir;285;mies
Birger;284;mies
Bernt;283;mies
Asser;282;mies
Karim;282;mies
Salla-Mari;282;nainen
Ninja;282;nainen
Hilppa;282;nainen
Sune;281;mies
Jean;281;mies
Hanna-Riikka;281;nainen
Jessi;281;nainen
Jörgen;280;mies
Nikita;280;mies
August;280;mies
Eeva-Riitta;280;nainen
Torsten;279;mies
Viljam;279;mies
Joosua;278;mies
Herkko;278;mies
Petro;278;mies
Roman;278;mies
Raita;278;nainen
Ursula;278;nainen
Kreetta;278;nainen
Aleksis;276;mies
Vihtori;276;mies
Eeva-Leena;276;nainen
Thea;276;nainen
Arja-Liisa;276;nainen
Einar;275;mies
Evert;275;mies
Alvin;275;mies
Annica;275;nainen
Samira;275;nainen
Maximilian;274;mies
Roland;274;mies
Ari-Matti;273;mies
Carla;272;nainen
Miriam;272;nainen
Petter;271;mies
Maunu;271;mies
Anri;271;nainen
Sade;271;nainen
Jack;270;mies
Marius;270;mies
Nikke;269;mies
Denis;269;mies
Kaija-Leena;269;nainen
Arvid;268;mies
Edward;268;mies
Susa;268;nainen
Totti;266;mies
Edvard;266;mies
Alfred;266;mies
Benny;265;mies
Muhammad;264;mies
Joachim;264;mies
Ernst;264;mies
Masi;262;mies
Anna-Riikka;262;nainen
Berndt;261;mies
Aisha;261;nainen
Angelica;261;nainen
Iisakki;260;mies
Kajsa;260;nainen
Britt-Marie;260;nainen
Rikhard;259;mies
Maija-Riitta;259;nainen
Ohto;258;mies
Aslak;258;mies
Verner;257;mies
Jaani;257;mies
Juho-Pekka;257;mies
Valo;256;mies
Karl-Erik;256;mies
Karina;256;nainen
Henrika;255;nainen
Viveka;255;nainen
Timo-Pekka;254;mies
Jason;254;mies
Immo;254;mies
Micaela;254;nainen
Bella;254;nainen
Rony;253;mies
Mariella;253;nainen
Leona;253;nainen
Jake;252;mies
Ann-Christin;252;nainen
Ninna;252;nainen
Paulina;252;nainen
Maikki;252;nainen
Jennie;252;nainen
Mariam;252;nainen
My;252;nainen
Marlene;252;nainen
Disa;252;nainen
Dick;250;mies
Kuisma;250;mies
Laimi;250;nainen
Joshua;249;mies
Jetro;249;mies
Arja-Leena;249;nainen
Margarita;249;nainen
Anna-Riitta;249;nainen
Rosa-Maria;249;nainen
Miila;247;nainen
Ilma;247;nainen
Jenina;246;nainen
Ilta;246;nainen
Abdullahi;245;mies
Dimitri;245;mies
Hjördis;245;nainen
Else-Maj;245;nainen
Knut;244;mies
Tiiu;244;nainen
Aleksei;243;mies
Ted;242;mies
Hanni;242;nainen
Susann;242;nainen
Oleg;241;mies
Nadia;241;nainen
Maini;241;nainen
Bianca;240;nainen
Fatima;240;nainen
Justiina;239;nainen
Nette;239;nainen
Anna-Lena;239;nainen
Salma;238;nainen
Josefine;238;nainen
Viveca;238;nainen
Lars-Erik;237;mies
Eeti;237;mies
Carl-Johan;237;mies
Louise;237;nainen
Edla;237;nainen
Josefin;236;nainen
Meri-Tuuli;236;nainen
Julian;235;mies
Bertel;234;mies
Ylva;234;nainen
Peik;233;mies
Ingmar;233;mies
Suvi-Tuuli;233;nainen
Sirke;233;nainen
Jone;232;mies
Sanelma;232;nainen
Eeva-Kaarina;232;nainen
Charles;231;mies
Ivar;231;mies
Manne;231;mies
Freja;231;nainen
Auni;231;nainen
Anselmi;230;mies
Arla;230;nainen
Annakaisa;230;nainen
Pessi;229;mies
Riitta-Leena;229;nainen
Sirpa-Liisa;229;nainen
Hanna-Liisa;228;nainen
Anna-Kaarina;228;nainen
Evi;228;nainen
Marke;227;nainen
Anna-Lisa;227;nainen
Marleena;227;nainen
Samir;226;mies
Konstantin;226;mies
Olli-Matti;226;mies
Lilly;226;nainen
Mårten;225;mies
Eva-Maria;225;nainen
Seidi;225;nainen
Jadessa;225;nainen
Emilie;225;nainen
Jasse;224;mies
Britt;224;nainen
Melisa;224;nainen
Dina;224;nainen
Klara;224;nainen
Aino-Maija;223;nainen
Kaija-Liisa;223;nainen
Auri;222;nainen
Ulla-Riitta;222;nainen
Lia;222;nainen
Kare;221;mies
Alvari;221;mies
Etel;221;nainen
Minna-Maria;221;nainen
Yngve;220;mies
Jannica;220;nainen
Merja-Liisa;219;nainen
Naomi;218;nainen
Sanna-Maija;218;nainen
Ronnie;217;mies
Ian;217;mies
Sigrid;217;nainen
Sannamari;217;nainen
Telma;217;nainen
Mustafa;216;mies
Wiljami;216;mies
Eliina;216;nainen
Catharina;216;nainen
Sarianne;215;nainen
Rauni;214;mies
Renne;214;mies
Ola;214;mies
Aino-Maria;214;nainen
Klaara;214;nainen
Casimir;213;mies
Staffan;213;mies
Maksim;212;mies
Sergey;212;mies
Raul;212;mies
Conny;212;mies
Isabelle;212;nainen
Juliana;212;nainen
Leni;212;nainen
Pieta;211;nainen
Simeon;210;mies
Katrina;210;nainen
Cassandra;210;nainen
Ruusa;210;nainen
Eddie;209;mies
Ville-Valtteri;209;mies
Manuel;208;mies
Hassan;208;mies
Holger;208;mies
Pia-Maria;208;nainen
Tilde;208;nainen
Ann-Sofie;208;nainen
Sabrina;208;nainen
Emmiina;208;nainen
Jennika;208;nainen
Nancy;208;nainen
Tore;207;mies
Dmitri;207;mies
Alexandre;207;mies
Margita;207;nainen
Heidi-Maria;207;nainen
Solja;207;nainen
Angelina;207;nainen
Elmi;207;nainen
Kennet;206;mies
Anthony;206;mies
Jali;205;mies
Tinka;205;nainen
Noona;205;nainen
Päivikki;205;nainen
Zahra;205;nainen
Janet;205;nainen
Iisak;204;mies
Miio;204;mies
Amira;204;nainen
Adelina;204;nainen
Aarto;203;mies
Sanna-Leena;203;nainen
Alec;202;mies
Caj;202;mies
May;202;nainen
Kukka;202;nainen
Dominic;201;mies
Sture;201;mies
Wilhelmiina;201;nainen
Joe;200;mies
Matthew;200;mies
Jani-Petteri;200;mies
Mike;199;mies
Aappo;199;mies
Elli-Noora;199;nainen
Synnöve;199;nainen
Antonio;198;mies
Minna-Mari;198;nainen
Kukka-Maaria;198;nainen
Liia;198;nainen
Veini;197;mies
Jaska;197;mies
Ahmad;197;mies
Sissi;197;nainen
Melvin;196;mies
Wilmer;196;mies
Jermu;196;mies
Eija-Riitta;196;nainen
Gurli;196;nainen
Tia-Maria;196;nainen
Frej;195;mies
Gabriella;195;nainen
Olle;194;mies
Kerkko;194;mies
Mikhail;194;mies
Piitu;194;nainen
Anne-Maija;194;nainen
Lovisa;194;nainen
Gunhild;194;nainen
Bodil;194;nainen
Milton;193;mies
Sixten;193;mies
Catarina;193;nainen
Nadezda;193;nainen
Maia;193;nainen
Marissa;193;nainen
Helmer;192;mies
Glenn;192;mies
Usva;192;nainen
Ann-Britt;192;nainen
Angela;192;nainen
Simo-Pekka;191;mies
Edwin;191;mies
Sallamari;191;nainen
Ksenia;191;nainen
Molly;190;nainen
Rico;189;mies
Reea;188;nainen
Alla;188;nainen
Larisa;188;nainen
Vivan;188;nainen
Annie;188;nainen
Valeria;188;nainen
Benjam;187;mies
Rianna;186;nainen
Carmen;186;nainen
Satu-Maarit;186;nainen
Jarko;185;mies
Ami;185;mies
Magdalena;185;nainen
Ellinor;185;nainen
Sally;185;nainen
Wäinö;184;mies
Marica;184;nainen
Folke;183;mies
Jeremia;183;mies
René;183;mies
Sienna;183;nainen
Leonard;182;mies
Sören;182;mies
Carlos;182;mies
Nemo;182;mies
Huugo;182;mies
Daria;182;nainen
Kuutti;181;mies
Gertrud;181;nainen
Maryam;181;nainen
Kristo;180;mies
Terno;180;mies
Isac;180;mies
Jesperi;180;mies
Mariel;180;nainen
Sina;180;nainen
Riitta-Maija;180;nainen
Kirill;179;mies
Jusa;179;mies
Emmy;179;nainen
Liudmila;179;nainen
Filippa;179;nainen
Elizabeth;179;nainen
Jana;179;nainen
Kiti;179;nainen
Peppiina;179;nainen
Sami-Pekka;178;mies
Tekla;178;nainen
Antonia;178;nainen
Mihail;177;mies
Ron;177;mies
Annele;177;nainen
Ann-Sofi;177;nainen
Kreeta;177;nainen
Karl-Johan;176;mies
Jasmi;176;nainen
Adalmiina;176;nainen
Ani;176;nainen
Kaisa-Leena;176;nainen
Gustaf;175;mies
Andrey;175;mies
Fred;175;mies
Kamilla;175;nainen
Harald;174;mies
Kari-Matti;174;mies
Miiko;174;mies
Yusuf;174;mies
Ethel;174;nainen
Hussein;173;mies
Ingegerd;173;nainen
Anne-Marja;173;nainen
Lotte;173;nainen
Micke;172;mies
Atro;172;mies
Sami-Petteri;172;mies
Juliaana;172;nainen
Inga-Lill;172;nainen
Eleonora;172;nainen
Suvi-Tuulia;172;nainen
Dagny;172;nainen
Marc;171;mies
Rudolf;171;mies
Ruusu;171;nainen
Annamaija;170;nainen
Venny;170;nainen
Fia;170;nainen
Cindy;169;nainen
Hemmi;168;mies
Ella-Maria;168;nainen
Hamza;167;mies
Tarja-Leena;167;nainen
Tiina-Liisa;167;nainen
Kirsikka;167;nainen
Valentin;166;mies
Andrew;166;mies
Saska;166;mies
Evita;166;nainen
Ljudmila;165;nainen
Tanya;165;nainen
Minerva;165;nainen
Ken;164;mies
Vilhelm;164;mies
Mehmet;164;mies
Levi;164;mies
Gudrun;164;nainen
Katrin;164;nainen
Ingeborg;164;nainen
Denise;164;nainen
Helle;164;nainen
Remu;163;mies
Elja;163;mies
Aate;163;mies
Amy;163;nainen
Gunborg;162;nainen
Celina;162;nainen
Leonardo;161;mies
Ossian;161;mies
Viggo;161;mies
Lyyti;161;nainen
Meimi;161;nainen
Tristan;160;mies
Majlis;160;nainen
Benjami;159;mies
Hille;159;nainen
Jan-Peter;158;mies
Raija-Leena;158;nainen
Kauri;157;mies
Torbjörn;157;mies
Jan-Mikael;157;mies
Margaretha;157;nainen
Rina;157;nainen
Marta;157;nainen
Crista;157;nainen
Uolevi;156;mies
Alexey;156;mies
Ana;156;nainen
Ranja;156;nainen
Rickard;155;mies
Abdi;155;mies
Said;155;mies
Zacharias;155;mies
Betty;155;nainen
Ann-Charlotte;155;nainen
Cristian;154;mies
Jani-Pekka;154;mies
Ann-Kristin;154;nainen
Henrikki;153;mies
Nellie;153;nainen
Mimi;153;nainen
Klaudia;153;nainen
Nanni;153;nainen
Juho-Matti;152;mies
Clarissa;152;nainen
Henna-Maria;152;nainen
Katri-Helena;152;nainen
Annaleena;152;nainen
Esa-Matti;151;mies
Josef;151;mies
Pirjo-Leena;151;nainen
Lucia;151;nainen
Elizaveta;151;nainen
Anni-Maria;151;nainen
Adeliina;151;nainen
Thor;150;mies
Karen;150;nainen
Iira;150;nainen
Polina;150;nainen
Margot;150;nainen
Ismail;149;mies
Kullervo;149;mies
Valeri;149;mies
Hilpi;149;nainen
Lisen;149;nainen
Hedvig;149;nainen
Sakke;148;mies
Kusti;148;mies
Milma;148;nainen
Bertil;147;mies
Ragnar;147;mies
Uula;147;mies
Alexi;147;mies
Per-Olof;147;mies
Risto-Matti;147;mies
Rose-Marie;147;nainen
Tarja-Liisa;147;nainen
Alfons;146;mies
Julie;146;nainen
Tindra;146;nainen
Thelma;146;nainen
Miiro;145;mies
Niko-Petteri;145;mies
Saul;145;mies
Ida-Sofia;145;nainen
Adessa;145;nainen
Santra;145;nainen
Tiia-Mari;145;nainen
Sulevi;144;mies
Dmitry;144;mies
Mina;144;nainen
Hannaleena;144;nainen
Gerda;144;nainen
Elo;143;mies
Rose;143;nainen
Manta;143;nainen
Tiitu;143;nainen
Kaj-Erik;142;mies
Aati;142;mies
Fadumo;142;nainen
Annamaria;142;nainen
Werner;141;mies
Hiski;141;mies
Stephanie;141;nainen
Tiina-Maija;141;nainen
Martha;141;nainen
Theresa;141;nainen
Wenla;140;nainen
Cia;140;nainen
Esther;140;nainen
Maria-Liisa;140;nainen
Kaisa-Maria;140;nainen
Matteus;139;mies
Janniina;139;nainen
Aino-Kaisa;139;nainen
Yulia;139;nainen
Viia;139;nainen
Leena-Kaisa;139;nainen
Clas;138;mies
Akusti;138;mies
Kustaa;138;mies
Alvi;138;mies
Catherine;138;nainen
Artem;137;mies
Jero;137;mies
Mitro;137;mies
Miia-Maria;137;nainen
Ulla-Britt;137;nainen
Joseph;136;mies
Janne-Pekka;136;mies
Kaspian;136;mies
Maria-Leena;136;nainen
Tania;136;nainen
Adelia;136;nainen
Jenni-Maria;136;nainen
Amin;135;mies
Lenny;135;mies
Torolf;135;mies
Titus;135;mies
Sven-Erik;135;mies
Anas;135;mies
Hilkka-Liisa;135;nainen
Natasha;135;nainen
Eva-Liisa;135;nainen
Nia;135;nainen
Mia-Maria;134;nainen
Gunnevi;134;nainen
Sara-Sofia;134;nainen
Salla-Maria;134;nainen
Jirka;133;mies
Karola;133;nainen
Nina-Maria;133;nainen
Miklas;132;mies
Greger;132;mies
Khalid;132;mies
Misa;132;mies
Ann-Louise;132;nainen
Anna-Reetta;132;nainen
Märtha;132;nainen
Laura-Maria;132;nainen
Iia;132;nainen
Matti-Pekka;131;mies
Fredrika;131;nainen
Hanne-Mari;131;nainen
Kata;131;nainen
Saara-Maria;131;nainen
Ragni;131;nainen
Milla-Maria;131;nainen
Renja;131;nainen
Alexei;130;mies
Juha-Petri;130;mies
Niilas;130;mies
Marja-Sisko;130;nainen
Annabella;130;nainen
Marie-Louise;130;nainen
Anttu;129;mies
Daniil;129;mies
Ryan;129;mies
Belinda;129;nainen
Melanie;129;nainen
Liv;129;nainen
Eikka;128;mies
Juan;128;mies
Curt;128;mies
Liana;128;nainen
Mariana;128;nainen
Anna-Elina;128;nainen
Hasan;127;mies
Meri-Tuulia;127;nainen
Miitta;127;nainen
Judith;127;nainen
Ragnhild;127;nainen
Mahamed;126;mies
Liinus;126;mies
Vikke;126;mies
Jyry;126;mies
Sanna-Liisa;126;nainen
Lumina;126;nainen
Juhamatti;125;mies
Rabbe;125;mies
Pulmu;125;nainen
Juha-Petteri;124;mies
Riku-Pekka;124;mies
Ville-Markus;124;mies
Sammy;124;mies
Luke;124;mies
Claes;124;mies
Jaajo;124;mies
Nathan;124;mies
Eden;124;nainen
Selena;124;nainen
Judit;124;nainen
Suvi-Päivikki;124;nainen
Jiro;123;mies
Vinski;123;mies
Eeka;123;mies
Jeremy;123;mies
Barbara;123;nainen
Marisa;123;nainen
Miku;122;mies
Morris;122;mies
Verne;122;mies
Mikko-Pekka;122;mies
Colin;122;mies
Eevertti;122;mies
Cilla;122;nainen
Ann-Maj;122;nainen
Seija-Liisa;122;nainen
Therese;122;nainen
Jenita;122;nainen
Roberto;121;mies
Abdul;121;mies
Carin;121;nainen
Nilla;121;nainen
Malena;121;nainen
Gabriela;121;nainen
George;120;mies
Pär;120;mies
Anna-Stina;120;nainen
Dorrit;120;nainen
Gun-Maj;120;nainen
Niia;120;nainen
Riikka-Liisa;120;nainen
Cristina;120;nainen
Vadim;119;mies
Werneri;119;mies
Ahto;119;mies
Yasmine;119;nainen
Lola;119;nainen
Tiina-Maria;119;nainen
Valle;118;mies
Micael;118;mies
Alexis;118;mies
Nils-Erik;118;mies
Edgar;118;mies
Tiina-Mari;118;nainen
Sofianna;118;nainen
Inge;118;nainen
Marian;118;nainen
Fabian;117;mies
Alpi;117;mies
Milan;117;mies
Valdemar;117;mies
Henna-Mari;117;nainen
Ritva-Leena;117;nainen
Darja;117;nainen
Anja-Riitta;117;nainen
Dana;117;nainen
Jaan;116;mies
Oxana;116;nainen
Pälvi;116;nainen
Malva;116;nainen
Evgenia;116;nainen
Nona;116;nainen
Lioudmila;116;nainen
Marikki;116;nainen
Tami;115;mies
Harto;115;mies
Myrsky;115;mies
Eduard;115;mies
Raoul;115;mies
Angelika;115;nainen
Nonna;115;nainen
Abdullah;114;mies
Charlie;114;mies
Alan;114;mies
Eeva-Marja;114;nainen
Unelma;114;nainen
Eedla;114;nainen
Aurelia;114;nainen
Auno;113;mies
Minh;113;mies
Leino;113;mies
Juska;113;mies
Uljas;113;mies
Asla;113;mies
Vanamo;113;nainen
Ia;113;nainen
Senna;113;nainen
Yrsa;113;nainen
Silvo;112;mies
Valtti;112;mies
Jeri;112;mies
Ture;112;mies
Anatoli;112;mies
Tyko;112;mies
Roi;112;mies
Sean;112;mies
Theodor;112;mies
Rufus;112;mies
Daniella;112;nainen
Ghita;112;nainen
Ngoc;112;nainen
Hampus;111;mies
Jussi-Petteri;111;mies
Patric;111;mies
Runar;111;mies
Eerikki;111;mies
Anna-Kristiina;111;nainen
Evelyn;111;nainen
Ingela;111;nainen
Oksana;111;nainen
Annikka;111;nainen
Kim;111;nainen
Kanerva;111;nainen
Anna-Emilia;111;nainen
Wiljam;110;mies
Måns;110;mies
Muhammed;110;mies
Bo-Erik;110;mies
Merituuli;110;nainen
Ringa;110;nainen
Enja;110;nainen
Kristel;110;nainen
Ludvig;109;mies
Luis;109;mies
Mauritz;109;mies
Aksu;109;mies
Ann-Lis;109;nainen
Odessa;109;nainen
Menni;109;nainen
Natalja;109;nainen
Vidar;108;mies
Weeti;108;mies
Thanh;108;mies
Pirre;108;nainen
Talvikki;108;nainen
Saida;108;nainen
Ulla-Maria;108;nainen
Freya;108;nainen
Arimo;107;mies
Timothy;107;mies
Taavetti;107;mies
Karlo;107;mies
Andre;107;mies
Terese;107;nainen
Kaisa-Liisa;107;nainen
Tuula-Maija;107;nainen
Minnea;107;nainen
Merja-Riitta;107;nainen
Nitta;107;nainen
Jennica;107;nainen
Linda-Maria;107;nainen
Iida-Sofia;106;nainen
Suvi-Maria;106;nainen
Satu-Maria;106;nainen
Marjaleena;106;nainen
Janessa;106;nainen
Kitty;106;nainen
Vladislav;105;mies
Lillemor;105;nainen
Sivi;105;nainen
Nicola;105;nainen
Monna;105;nainen
Katharina;105;nainen
Milko;104;mies
Elvis;104;mies
Kalle-Pekka;104;mies
Tilma;104;nainen
Halla;104;nainen
Linne;104;nainen
Beda;104;nainen
Jakke;103;mies
Ulla-Mari;103;nainen
Majvor;103;nainen
Maj-Gret;103;nainen
Dora;103;nainen
Otava;102;mies
Olav;102;mies
Riki;102;mies
Tuisku;102;nainen
Simone;102;nainen
Eleonoora;102;nainen
Ona;102;nainen
Peggy;102;nainen
Rachel;102;nainen
Lauha;102;nainen
Oosa;102;nainen
Milaja;102;nainen
Riku-Petteri;101;mies
Keimo;101;mies
Zakaria;101;mies
Rolle;101;mies
Runa;101;nainen
Annaliisa;101;nainen
Evelin;101;nainen
Mirja-Leena;101;nainen
Jerker;100;mies
Carl-Erik;100;mies
Jasperi;100;mies
Friida;100;nainen
Zainab;100;nainen
Marja-Helena;100;nainen
Hedda;100;nainen
Nadejda;100;nainen
Jan-Olof;99;mies
Md.;99;mies
Vili-Valtteri;99;mies
Jaako;99;mies
Jetta;99;nainen
Iman;99;nainen
Nicolina;99;nainen
Norma;99;nainen
Sari-Anne;99;nainen
Safia;99;nainen
Rhea;99;nainen
Serena;99;nainen
Osman;98;mies
Valtter;98;mies
Aale;98;mies
Jeremi;98;mies
Asseri;98;mies
Pehr;98;mies
Adriana;98;nainen
Antonina;98;nainen
Sira;98;nainen
Liubov;98;nainen
Adina;98;nainen
Marion;98;nainen
Raini;98;nainen
Ellie;98;nainen
Dylan;97;mies
Toomas;97;mies
Eki;97;mies
Elian;97;mies
Jan-Henrik;97;mies
Nelma;97;nainen
Sirje;97;nainen
Maud;97;nainen
Gunn;97;nainen
Tuike;97;nainen
Sera;97;nainen
Sylva;97;nainen
Anisa;97;nainen
Arja-Riitta;97;nainen
Anne-Riitta;97;nainen
Carlo;96;mies
Ari-Jukka;96;mies
Evgeny;96;mies
Emilio;96;mies
Ludmila;96;nainen
Arina;96;nainen
Ulla-Marja;96;nainen
Riikka-Maria;96;nainen
Myy;96;nainen
Alena;96;nainen
Alexia;96;nainen
Daisy;96;nainen
Kenny;95;mies
Deniz;95;mies
Miguel;95;mies
Britt-Mari;95;nainen
Nanne;95;nainen
Nova;95;nainen
Josephine;95;nainen
Sallamaari;95;nainen
Eimi;95;nainen
Jouka;94;mies
Semi;94;mies
Eero-Pekka;94;mies
Eemu;94;mies
Stanislav;94;mies
Emir;94;mies
Tuisku;94;mies
Tyra;94;nainen
Samantha;94;nainen
Lyydi;94;nainen
Sahra;94;nainen
Rinna;94;nainen
Eija-Leena;94;nainen
Hellen;94;nainen
Remi;93;mies
Mario;93;mies
Chris;93;mies
Aleks;93;mies
Sakarias;93;mies
Kosmo;93;mies
Finn;93;mies
Rurik;93;mies
Janiina;93;nainen
Claus;92;mies
Nestor;92;mies
Adnan;92;mies
Gun-Lis;92;nainen
Tutta;92;nainen
Elsie;92;nainen
Rilla;92;nainen
Annariina;92;nainen
Paju;92;nainen
Saskia;92;nainen
Emre;91;mies
Pedro;91;mies
Ethan;91;mies
Joni-Petteri;91;mies
Urmas;91;mies
Aki-Petteri;91;mies
Anna-Marja;91;nainen
Jolanda;91;nainen
Sabine;91;nainen
Milda;91;nainen
Hanna-Riitta;91;nainen
Ruska;91;nainen
Ulrica;91;nainen
Emma-Sofia;91;nainen
Leyla;91;nainen
Wilhelmina;91;nainen
Jussa;90;mies
Pepe;90;mies
Uno;90;mies
Vitali;90;mies
Kristofer;90;mies
Jani-Matti;90;mies
Alessia;90;nainen
Juliet;90;nainen
Leah;90;nainen
Urpu;90;nainen
Juni;90;nainen
Mariela;90;nainen
Mikki;89;mies
Sameli;89;mies
Ariana;89;nainen
Tyyni;89;nainen
Gisela;89;nainen
Kate;89;nainen
Hilve;89;nainen
Joni-Pekka;88;mies
Steven;88;mies
Bilal;88;mies
Ano;88;mies
Kiara;88;nainen
Amal;88;nainen
Anni-Mari;88;nainen
Ulla-Maj;88;nainen
Estrid;88;nainen
Sinja;88;nainen
Peppi-Lotta;88;nainen
Niku;87;mies
Emppu;87;mies
Ray;87;mies
Hannakaisa;87;nainen
Nikita;87;nainen
Irja-Liisa;87;nainen
Zara;87;nainen
Minnamari;87;nainen
Hans-Erik;86;mies
Yasin;86;mies
Ljubov;86;nainen
Minna-Leena;86;nainen
Tatja;86;nainen
Emmi-Lotta;86;nainen
Inga-Britt;86;nainen
Anja-Liisa;86;nainen
Terja;86;nainen
Anni-Sofia;86;nainen
Helly;86;nainen
Selim;85;mies
Wili;85;mies
Leonid;85;mies
Antti-Juhani;85;mies
Fjalar;85;mies
Joska;85;mies
Jerri;85;mies
Ronald;85;mies
Sara-Maria;85;nainen
Tita;85;nainen
Lulu;85;nainen
Marjaliisa;85;nainen
Sella;85;nainen
Minna-Maarit;85;nainen
Herbert;84;mies
Brian;84;mies
Taimo;84;mies
Dag;84;mies
Dante;84;mies
Vivia;84;nainen
Minna-Riitta;84;nainen
Henny;84;nainen
Rania;84;nainen
Katerina;84;nainen
Tuula-Marja;84;nainen
Elmiina;84;nainen
Sonya;84;nainen
Kirsi-Maarit;84;nainen
Kaisa-Mari;84;nainen
Nessa;84;nainen
Alise;84;nainen
Tiina-Riitta;84;nainen
Marlo;83;mies
Matteo;83;mies
Jan-Kristian;83;mies
Mirette;83;nainen
Liisa-Maria;83;nainen
Ea;83;nainen
Neelia;83;nainen
Anna-Stiina;83;nainen
Celine;83;nainen
Kirsimarja;83;nainen
Emma-Lotta;83;nainen
Nanny;83;nainen
Vella;83;nainen
Serafiina;83;nainen
Ainu;83;nainen
Hennariikka;83;nainen
Vieno;82;mies
Ricardo;82;mies
Marek;82;mies
Evan;82;mies
Alarik;82;mies
Eliot;82;mies
Valborg;82;nainen
Jekaterina;82;nainen
Ewa;82;nainen
Jannina;82;nainen
Alexa;82;nainen
Veetu;81;mies
Nick;81;mies
Mika-Petteri;81;mies
Joacim;81;mies
Ilyas;81;mies
Sanna-Maarit;81;nainen
Gunda;81;nainen
Aniitta;81;nainen
Maarika;81;nainen
Marija;81;nainen
Jennina;81;nainen
Gunn-Britt;81;nainen
Seelia;81;nainen
Jamal;80;mies
Emmanuel;80;mies
Carl-Gustav;80;mies
Veli-Jussi;80;mies
Michel;80;mies
Matthias;80;mies
Jan-Eric;80;mies
Jooel;80;mies
Tiuku;80;nainen
Anna-Katariina;80;nainen
Hafsa;80;nainen
Sharon;80;nainen
Nada;80;nainen
Merike;80;nainen
Stephen;79;mies
José;79;mies
Lemmy;79;mies
Totte;79;mies
Vellamo;79;nainen
Merja-Leena;79;nainen
Sini-Maria;79;nainen
Rauna;79;nainen
Isabell;79;nainen
Jenna-Maria;79;nainen
Enne;79;nainen
Zeinab;79;nainen
Miikael;78;mies
Timur;78;mies
Nicky;78;mies
Sven-Olof;78;mies
Anna-Karin;78;nainen
Maura;78;nainen
Salla-Maaria;78;nainen
Mei;78;nainen
Inez;78;nainen
Anne-Kristiina;78;nainen
Marja-Kaarina;78;nainen
Alessandro;77;mies
Antti-Ville;77;mies
Ralph;77;mies
Mika-Petri;77;mies
Jyri-Pekka;77;mies
Elton;77;mies
Mirikli;77;nainen
Anitra;77;nainen
Meira;77;nainen
Rosaliina;77;nainen
Khadija;77;nainen
Mariann;77;nainen
Wilho;76;mies
Tito;76;mies
Nuuti;76;mies
Renny;76;mies
Jonah;76;mies
Otto-Ville;76;mies
Huuko;76;mies
Ante;76;mies
Juuse;76;mies
Manda;76;nainen
Satu-Marja;76;nainen
Ayan;76;nainen
Milli;76;nainen
Hanna-Reetta;76;nainen
Minna-Kaisa;76;nainen
Marja-Kaisa;76;nainen
Pirkko-Leena;76;nainen
Olli-Petteri;75;mies
Rayan;75;mies
Ilppo;75;mies
Timmy;75;mies
Raina;75;nainen
Lauriina;75;nainen
Kaija-Riitta;75;nainen
Adela;75;nainen
Gina;75;nainen
Ekku;74;mies
Tahvo;74;mies
Kian;74;mies
Tarvo;74;mies
Kaspar;74;mies
Teodor;74;mies
Raymond;74;mies
Karl-Gustav;74;mies
Juho-Antti;74;mies
Hasse;74;mies
Leia;74;nainen
Teresia;74;nainen
Petriina;74;nainen
Jill;74;nainen
Asma;74;nainen
Gitta;74;nainen
Sunna;74;nainen
Gitte;74;nainen
Ensi;74;nainen
Sumaya;74;nainen
Inge-Maj;74;nainen
Arman;73;mies
Melker;73;mies
Caius;73;mies
Eugen;73;mies
Diego;73;mies
Fiina;73;nainen
Valpuri;73;nainen
Tiina-Kaisa;73;nainen
Meja;73;nainen
Ann-Katrin;73;nainen
Siviä;73;nainen
Jan-Markus;72;mies
Aito;72;mies
Abdulkadir;72;mies
Mika-Matti;72;mies
Reeti;72;mies
Reetu;72;mies
Jokke;72;mies
Pieti;72;mies
Maximus;72;mies
Louis;72;mies
Annabel;72;nainen
Eea;72;nainen
Celia;72;nainen
Opri;72;nainen
Ireene;72;nainen
Oliwer;71;mies
Armo;71;mies
Jamie;71;mies
Hilding;71;mies
Hamid;71;mies
Abel;71;mies
Chloe;71;nainen
Sirkka-Leena;71;nainen
Hani;71;nainen
Anna-Karoliina;71;nainen
Sini-Tuulia;71;nainen
Berta;71;nainen
Bert;70;mies
Arnold;70;mies
Tero-Pekka;70;mies
Miikkael;70;mies
Quoc;70;mies
Riko;70;mies
Maryan;70;nainen
Mirkku;70;nainen
Ronya;70;nainen
Mari-Anna;70;nainen
Janetta;70;nainen
Asha;70;nainen
Pirta;70;nainen
Anna-Lotta;70;nainen
Jenni-Mari;70;nainen
Hodan;70;nainen
Anna-Maaria;70;nainen
Niina-Maria;70;nainen
Malte;69;mies
Hjalmar;69;mies
Rudi;69;mies
Muhamed;69;mies
Riku-Matti;69;mies
Harri-Pekka;69;mies
Isaac;69;mies
Jukka-Matti;69;mies
Ruuben;69;mies
Jirko;69;mies
Calle;69;mies
Line;69;nainen
Dagmar;69;nainen
Nanette;69;nainen
Etta;69;nainen
Thuy;69;nainen
Lotta-Maria;69;nainen
Suvituuli;69;nainen
Fatma;69;nainen
Anne-Marita;69;nainen
Eela;69;nainen
Terttu-Liisa;69;nainen
Stephan;68;mies
Lenne;68;mies
Justin;68;mies
Juho-Petteri;68;mies
Risto-Pekka;68;mies
Jamiel;68;mies
Ere;68;mies
Thanh;68;nainen
Katherine;68;nainen
Tora;68;nainen
Zoe;68;nainen
Li;68;nainen
Grace;68;nainen
Jonna-Maria;68;nainen
Salla-Maarit;68;nainen
Beeda;68;nainen
Sole;68;nainen
Nea-Maria;68;nainen
Manna;68;nainen
Liisa-Maija;68;nainen
Sanna-Riikka;68;nainen
Anu-Riikka;68;nainen
Caspian;67;mies
Morgan;67;mies
Tomi-Pekka;67;mies
Mohamud;67;mies
Juhapekka;67;mies
Janne-Petteri;67;mies
Eskil;67;mies
Nikolaos;67;mies
Mehdi;67;mies
Marlon;67;mies
Dominik;67;mies
Eelin;67;nainen
Anni-Kaisa;67;nainen
Kirsi-Mari;67;nainen
Enya;67;nainen
Meija;67;nainen
Alyssa;67;nainen
Paola;67;nainen
Jony;66;mies
Kenth;66;mies
Junnu;66;mies
Lionel;66;mies
Ahmet;66;mies
Jona;66;mies
Jussi-Matti;66;mies
Alexandros;66;mies
Pablo;66;mies
Helmeri;66;mies
Ilya;66;mies
Josua;66;mies
Juliette;66;nainen
Bernice;66;nainen
Lise;66;nainen
Ulriikka;66;nainen
Amélie;66;nainen
Venni;66;nainen
Cajsa;66;nainen
Nimo;66;nainen
Murat;65;mies
Viking;65;mies
Nelson;65;mies
Carl-Henrik;65;mies
Mika-Pekka;65;mies
Youssef;65;mies
Julle;65;mies
Franz;65;mies
Carl-Gustaf;65;mies
Moritz;65;mies
Mohamad;65;mies
Launo;65;mies
Mahad;65;mies
Jan-Anders;65;mies
Minda;65;nainen
Miida;65;nainen
Iina-Maria;65;nainen
Marje;65;nainen
Eriika;65;nainen
Md;64;mies
Elof;64;mies
Robi;64;mies
Veli-Jukka;64;mies
Ollipekka;64;mies
Nemi;64;nainen
Riina-Maria;64;nainen
Zaida;64;nainen
Mariina;64;nainen
Rigmor;64;nainen
Huda;64;nainen
Eeva-Mari;64;nainen
Tianna;64;nainen
Mona-Lisa;64;nainen
Clary;64;nainen
Jukka-Petteri;63;mies
Ingvar;63;mies
Vili-Petteri;63;mies
Steve;63;mies
Valio;63;mies
Andy;63;mies
Mahdi;63;mies
Aram;63;mies
Matvei;63;mies
Mianna;63;nainen
Reine;63;nainen
Nadine;63;nainen
Unni;63;nainen
Anna-Greta;63;nainen
Tii;63;nainen
Ros-Mari;63;nainen
Halima;63;nainen
Anna-Riina;63;nainen
Elli-Maija;63;nainen
Greetta;63;nainen
Mella;63;nainen
Hagar;63;nainen
Aicha;63;nainen
Kristin;63;nainen
Duc;62;mies
Lenna;62;mies
Konrad;62;mies
Cay;62;mies
Masa;62;mies
Trygve;62;mies
Pauno;62;mies
Serguei;62;mies
Lana;62;nainen
Tiila;62;nainen
Hamdi;62;nainen
Liselott;62;nainen
Kiana;62;nainen
Yasemin;62;nainen
Hele;62;nainen
Mitra;62;nainen
Venja;62;nainen
Pepita;62;nainen
Katinka;62;nainen
Merika;62;nainen
Noora-Maria;62;nainen
Liida;62;nainen
Andrea;61;mies
Josi;61;mies
Abbas;61;mies
Lalli;61;mies
Jordan;61;mies
Yahya;61;mies
Pasi-Pekka;61;mies
Marjo-Riikka;61;nainen
Taiga;61;nainen
Isra;61;nainen
Marjo-Liisa;61;nainen
Anastassia;61;nainen
Suzan;61;nainen
Seija-Riitta;61;nainen
Elif;61;nainen
Estelle;61;nainen
Nelle;61;nainen
Oivi;61;nainen
Leena-Marja;61;nainen
Renata;61;nainen
Lucy;61;nainen
Tor-Erik;60;mies
Timo-Jaakko;60;mies
Ariel;60;mies
Andres;60;mies
Musa;60;mies
Sander;60;mies
Vilmer;60;mies
Vaito;60;mies
Minttu-Maaria;60;nainen
Lova;60;nainen
Anki;60;nainen
Minttu-Maria;60;nainen
Wera;60;nainen
Gia;60;nainen
Leonora;60;nainen
Emmi-Sofia;60;nainen
Hinni;60;nainen
Kristine;60;nainen
Arian;59;mies
Janne-Matti;59;mies
Kiril;59;mies
Rikard;59;mies
Karl-Henrik;59;mies
Jerome;59;mies
Sipi;59;mies
Kunto;59;mies
Seemi;59;mies
Ludwig;59;mies
Sasha;59;mies
Atle;59;mies
Georgios;59;mies
Viva;59;nainen
Suvi-Maaria;59;nainen
Milla-Mari;59;nainen
Evy;59;nainen
Edna;59;nainen
Tarja-Riitta;59;nainen
Sorja;59;nainen
Veea;59;nainen
Agda;59;nainen
Riitu;59;nainen
Neve;59;nainen
Noor;59;nainen
Jari-Jukka;58;mies
Anthon;58;mies
Velimatti;58;mies
Stig-Erik;58;mies
Salomo;58;mies
Melwin;58;mies
Anh;58;mies
Mici;58;mies
Mikko-Petteri;58;mies
Anto;58;mies
Elvin;58;mies
Ale;58;mies
Ullamaija;58;nainen
Miia-Mari;58;nainen
Annmari;58;nainen
Abigail;58;nainen
Eevastiina;58;nainen
Kaari;58;nainen
Görel;58;nainen
Albina;58;nainen
Sanne;58;nainen
Jamila;58;nainen
Eevaliisa;58;nainen
Jamina;58;nainen
Mary-Ann;58;nainen
Hildur;58;nainen
Liliana;58;nainen
Hilde;58;nainen
Nabil;57;mies
Yahye;57;mies
Velu;57;mies
Ville-Oskari;57;mies
Ramin;57;mies
Waltter;57;mies
Kuura;57;mies
Joar;57;mies
Willy;57;mies
Ilias;57;mies
Zachary;57;mies
Aana;57;nainen
Irma-Liisa;57;nainen
Anni-Elina;57;nainen
Lisette;57;nainen
Suvi-Päivi;57;nainen
Marwa;57;nainen
Tuuli-Maria;57;nainen
Veera-Maria;57;nainen
Jenna-Mari;57;nainen
Vienna;57;nainen
Kastehelmi;57;nainen
Corinne;57;nainen
Aino-Sofia;57;nainen
Silla;57;nainen
Hanna-Maarit;57;nainen
Aino-Elina;57;nainen
Malik;56;mies
Nikolay;56;mies
Jooseppi;56;mies
Arho;56;mies
Sigurd;56;mies
Lennu;56;mies
Cedric;56;mies
Jura;56;mies
Robertino;56;mies
Kikka;56;nainen
Mindi;56;nainen
Sarina;56;nainen
Inka-Maria;56;nainen
Satu-Maaria;56;nainen
Vanja;56;nainen
Lene;56;nainen
Siiri-Sofia;56;nainen
Gloria;56;nainen
Suzanne;56;nainen
Bettiina;56;nainen
Bernhard;55;mies
Karlos;55;mies
Kaapro;55;mies
Yury;55;mies
Ermo;55;mies
Salomon;55;mies
Egil;55;mies
Scott;55;mies
Raineri;55;mies
Nicke;55;mies
Enzo;55;mies
Leonel;55;mies
Ristomatti;55;mies
Veli-Heikki;55;mies
Lars-Johan;55;mies
Emili;55;nainen
Una;55;nainen
Anu-Maarit;55;nainen
Miili;55;nainen
Uma;55;nainen
Riikka-Leena;55;nainen
Najma;55;nainen
Sol-Britt;55;nainen
Sini-Maaria;55;nainen
Ella-Mari;55;nainen
Eriikka;55;nainen
Jenika;55;nainen
Kitta;55;nainen
Leena-Maria;55;nainen
Serafina;55;nainen
Anne-May;55;nainen
Engla;55;nainen
Pia-Liisa;55;nainen
Maryama;55;nainen
Penni;55;nainen
Erja-Liisa;55;nainen
Toive;55;nainen
Eva-Lisa;55;nainen
Paolo;54;mies
Vilhelmi;54;mies
Johann;54;mies
Torvald;54;mies
Alexandr;54;mies
Emanuel;54;mies
Mustapha;54;mies
Algot;54;mies
Maijastiina;54;nainen
Janine;54;nainen
Pirja;54;nainen
Kirsti-Liisa;54;nainen
Helin;54;nainen
Tiana;54;nainen
Kersti;54;nainen
Tarja-Tuulikki;54;nainen
Gea;54;nainen
Lioubov;54;nainen
Misa;54;nainen
Katri-Maria;54;nainen
Esra;54;nainen
Cara;54;nainen
Katja-Maria;54;nainen
Elly;54;nainen
Satu-Sinikka;54;nainen
Eerin;54;nainen
Hanna-Maaria;54;nainen
Minna-Maija;54;nainen
Chiara;54;nainen
Jomi;53;mies
Keni;53;mies
Seyed;53;mies
Rachid;53;mies
Ate;53;mies
Valte;53;mies
Eirik;53;mies
Aki-Pekka;53;mies
Jari-Petteri;53;mies
Stig-Olof;53;mies
Brandon;53;mies
Runo;53;mies
Riiko;53;mies
Mikail;53;mies
Anna-Helena;53;nainen
Eliana;53;nainen
Kaisu-Leena;53;nainen
Emina;53;nainen
Tuua;53;nainen
Viliina;53;nainen
Donna;53;nainen
Leija;53;nainen
Stefanie;53;nainen
Tiiti;53;nainen
Ella-Noora;53;nainen
Aino-Liisa;53;nainen
Mirelle;53;nainen
Keiju;53;nainen
Cornelia;53;nainen
Helkky;53;nainen
Kirsten;53;nainen
Pauline;53;nainen
Laura-Kaisa;53;nainen
Pii;53;nainen
Naima;53;nainen
Moonika;53;nainen
Kaleva;52;mies
Khaled;52;mies
Karel;52;mies
Abdifatah;52;mies
Francisco;52;mies
Artti;52;mies
Feetu;52;mies
Miona;52;nainen
Suvi-Marja;52;nainen
Violetta;52;nainen
Lolan;52;nainen
Menna;52;nainen
Katia;52;nainen
Merit;52;nainen
Ayla;52;nainen
Ingalill;52;nainen
Eeva-Stiina;52;nainen
Lise-Lotte;52;nainen
Anu-Maria;52;nainen
Lillian;52;nainen
Catrin;52;nainen
Flora;52;nainen
Ilana;52;nainen
Adalmina;52;nainen
Maija-Kaisa;52;nainen
Eva-Stina;52;nainen
Maritza;52;nainen
Anni-Maija;52;nainen
Tuula-Riitta;52;nainen
Mari-Johanna;52;nainen
Damian;51;mies
Toni-Pekka;51;mies
Reh;51;mies
Waldemar;51;mies
Ukko-Pekka;51;mies
Paavali;51;mies
Eeki;51;mies
Minna-Maaria;51;nainen
Tova;51;nainen
Emine;51;nainen
Ayaan;51;nainen
Melek;51;nainen
Weera;51;nainen
Titti;51;nainen
Evelia;51;nainen
Marielle;51;nainen
Emmi-Maria;51;nainen
Kaiju;51;nainen
Niini;51;nainen
Henriette;51;nainen
Ann-Catrin;51;nainen
Ulla-Riikka;51;nainen
Veela;51;nainen
Sarri;51;nainen
Maari;51;nainen
Muusa;51;nainen
Kaisa-Maija;51;nainen
May-Britt;51;nainen
Terhikki;51;nainen
Roza;51;nainen
Juha-Antti;50;mies
Rio;50;mies
Arttur;50;mies
Winston;50;mies
Elijah;50;mies
Saku-Petteri;50;mies
Marcel;50;mies
Hoang;50;mies
Quang;50;mies
Silmu;50;nainen
Ulla-Stina;50;nainen
Pirjetta;50;nainen
Eva-Lotta;50;nainen
Magda;50;nainen
Ella-Sofia;50;nainen
Annariikka;50;nainen
Shukri;50;nainen
Muisto;50;nainen
Rose-Maj;50;nainen
Irena;50;nainen
Tonja;50;nainen
Margaret;50;nainen
Halimo;50;nainen
Jenica;50;nainen
Madelene;50;nainen
Jannike;50;nainen
Rosalia;50;nainen
Fredric;49;mies
Jaakob;49;mies
Antoni;49;mies
Damien;49;mies
Darin;49;mies
Christofer;49;mies
Isko;49;mies
Ngoc;49;mies
Feliks;49;mies
Glen;49;mies
Vesa-Heikki;49;mies
Havu;49;mies
Markko;49;mies
Danny;49;mies
Marcos;49;mies
Imran;49;mies
Lassi-Pekka;49;mies
Rahma;49;nainen
Soraya;49;nainen
Alinda;49;nainen
Tuija-Liisa;49;nainen
Soja;49;nainen
Nadezhda;49;nainen
Minessa;49;nainen
Tarita;49;nainen
Anna-Maarit;49;nainen
Henrica;49;nainen
Gunlög;49;nainen
Arna;49;nainen
Riitta-Sisko;49;nainen
Annelie;49;nainen
Anna-Katriina;49;nainen
Hanne-Maria;49;nainen
Sanni-Mari;49;nainen
Eda;49;nainen
Khadra;49;nainen
Nelli-Noora;49;nainen
Saana-Maria;49;nainen
Jan-Christian;48;mies
Ruslan;48;mies
Petr;48;mies
Ville-Matias;48;mies
Per-Ole;48;mies
Veli-Antti;48;mies
Miso;48;mies
Omer;48;mies
Ricky;48;mies
Syed;48;mies
Konstantinos;48;mies
Lippo;48;mies
Antte;48;mies
Huu;48;mies
Stig-Göran;48;mies
Troy;48;mies
Veli-Mikko;48;mies
Carl-Magnus;48;mies
Jemi;48;mies
Bill;48;mies
Ömer;48;mies
Riikka-Mari;48;nainen
Anna-Kaija;48;nainen
Manja;48;nainen
Hong;48;nainen
Silpa;48;nainen
Danielle;48;nainen
Ida-Lotta;48;nainen
Anceliga;48;nainen
Etti;48;nainen
Freija;48;nainen
Laine;48;nainen
Elissa;48;nainen
Oona-Maria;48;nainen
Layla;48;nainen
Denice;48;nainen
Tinna;48;nainen
Amar;47;mies
Tomy;47;mies
Ernest;47;mies
Miron;47;mies
Alberto;47;mies
Don;47;mies
Jore;47;mies
Andrej;47;mies
Mert;47;mies
Sheila;47;nainen
Mimmu;47;nainen
Elli-Maria;47;nainen
Anika;47;nainen
Savanna;47;nainen
Pia-Mari;47;nainen
Soraja;47;nainen
Jonna-Mari;47;nainen
Aimi;47;nainen
Ann-Charlott;47;nainen
Hanan;47;nainen
Velma;47;nainen
Caroliina;47;nainen
Dalia;47;nainen
Ifrah;47;nainen
Brianna;47;nainen
Thu;47;nainen
Derek;46;mies
Caspar;46;mies
Adel;46;mies
Ayub;46;mies
Halti;46;mies
Mahmoud;46;mies
Ilo;46;mies
Oke;46;mies
Jevgeni;46;mies
Juhan;46;mies
Evald;46;mies
Paulo;46;mies
Matheo;46;mies
Daniele;46;mies
Salome;46;nainen
Essi-Maria;46;nainen
Merle;46;nainen
Tiffany;46;nainen
Immi;46;nainen
Ada-Sofia;46;nainen
Ami;46;nainen
Nika;46;nainen
Corinna;46;nainen
Milla-Maaria;46;nainen
Sahar;46;nainen
Minella;46;nainen
Safiya;46;nainen
Outi-Maria;46;nainen
Eleni;46;nainen
Henriika;46;nainen
Pricilla;46;nainen
Aleksiina;46;nainen
Birit;46;nainen
Megan;46;nainen
Velipekka;45;mies
Hanno;45;mies
Niko-Pekka;45;mies
Veli-Petteri;45;mies
Sayed;45;mies
Fritz;45;mies
Anwar;45;mies
Adil;45;mies
Jaron;45;mies
Juno;45;mies
Faisal;45;mies
Ensi;45;mies
Paul-Erik;45;mies
Kamal;45;mies
Reetta-Liisa;45;nainen
Tiitta;45;nainen
Aivi;45;nainen
Sari-Anna;45;nainen
Margareetta;45;nainen
Ottilia;45;nainen
Noelle;45;nainen
Anna-Katri;45;nainen
Katju;45;nainen
Jada;45;nainen
Dania;45;nainen
Edda;45;nainen
Beea;45;nainen
Jacqueline;45;nainen
Juli;45;nainen
Sarlotta;45;nainen
Aya;45;nainen
Marietta;45;nainen
Timofei;44;mies
Jeppe;44;mies
Jani-Petri;44;mies
Joni-Matti;44;mies
Jukkapekka;44;mies
Bror-Erik;44;mies
Muisto;44;mies
Lev;44;mies
Aidan;44;mies
Nisse;44;mies
Niiles;44;mies
Sammeli;44;mies
Fiinu;44;nainen
Siw;44;nainen
Saara-Maija;44;nainen
Aada-Maria;44;nainen
Liselotte;44;nainen
Tuva;44;nainen
Peppina;44;nainen
Jeannette;44;nainen
Anna-Reeta;44;nainen
Aisla;44;nainen
Olena;44;nainen
Annimari;44;nainen
Ida-Emilia;44;nainen
Helmi-Maria;44;nainen
Mildrid;44;nainen
Jinna;44;nainen
Safa;44;nainen
Heini-Maria;44;nainen
Niki;44;nainen
Käthe;44;nainen
Katrine;44;nainen
Kaisli;44;nainen
Sirkku-Liisa;44;nainen
Eetu-Petteri;43;mies
Odin;43;mies
Viki;43;mies
Lars-Olof;43;mies
Taro;43;mies
Päivö;43;mies
Pietro;43;mies
Vasili;43;mies
Alek;43;mies
Erpo;43;mies
Janek;43;mies
Joan;43;nainen
Catrine;43;nainen
Maret;43;nainen
Ainomaija;43;nainen
Julija;43;nainen
Medina;43;nainen
Adna;43;nainen
Henna-Kaisa;43;nainen
Marla;43;nainen
Riitta-Kaisa;43;nainen
Taava;43;nainen
Lauren;43;nainen
Marjo-Leena;43;nainen
Hymy;43;nainen
Louisa;43;nainen
Viona;43;nainen
Julianne;43;nainen
Vendela;43;nainen
Claire;43;nainen
Savannah;43;nainen
Vendla;43;nainen
Anya;43;nainen
Juulianna;43;nainen
Wanda;43;nainen
Azad;42;mies
Bo-Göran;42;mies
Jayden;42;mies
Jopi;42;mies
Toma;42;mies
Aston;42;mies
Teddy;42;mies
Mino;42;mies
Rinaldo;42;mies
Juha-Heikki;42;mies
Lari-Pekka;42;mies
Yassin;42;mies
Terjo;42;mies
Jan-Ole;42;mies
Ari-Petteri;42;mies
Liban;42;mies
Mostafa;42;mies
Jenna-Julia;42;nainen
Alessandra;42;nainen
Jemima;42;nainen
Tuula-Anneli;42;nainen
Minna-Riikka;42;nainen
Hanna-Elina;42;nainen
Carmela;42;nainen
Kylli;42;nainen
Marilla;42;nainen
Zhanna;42;nainen
Demi;42;nainen
Ulriika;42;nainen
Sannakaisa;42;nainen
Miska;42;nainen
Adalia;42;nainen
Nelia;42;nainen
Rinja;42;nainen
Deborah;42;nainen
Tella;42;nainen
Piia-Maria;42;nainen
Sue;42;nainen
Yasmina;42;nainen
Liidia;42;nainen
Safira;42;nainen
Estella;42;nainen
Tiia-Riikka;42;nainen
Soma;42;nainen
Päiviö;41;mies
Kai-Erik;41;mies
Jari-Petri;41;mies
Jusu;41;mies
Joosa;41;mies
Akram;41;mies
Dino;41;mies
Aapi;41;mies
Marwan;41;mies
Aki-Matti;41;mies
Reza;41;mies
Marko-Tapio;41;mies
Romi;41;mies
Sanni-Maria;41;nainen
Mili;41;nainen
Solbritt;41;nainen
Manuela;41;nainen
Ninnu;41;nainen
Sisko-Liisa;41;nainen
Priscilla;41;nainen
Sanna-Maaria;41;nainen
Sari-Maarit;41;nainen
Ulla-Brita;41;nainen
Azra;41;nainen
Suna;41;nainen
Hannamaija;41;nainen
Tarleena;41;nainen
Mia-Mari;41;nainen
Ariel;41;nainen
Mildred;41;nainen
Alida;41;nainen
Malak;41;nainen
Inessa;41;nainen
Pia-Riitta;41;nainen
Sesilia;41;nainen
Veena;41;nainen
Hana;41;nainen
Yana;41;nainen
Luisa;41;nainen
Anina;41;nainen
Shirin;41;nainen
Mindy;41;nainen
Liza;41;nainen
Anastasija;41;nainen
Vilda;41;nainen
Metti;41;nainen
Diar;40;mies
Roine;40;mies
Stefano;40;mies
Untamo;40;mies
Saad;40;mies
Francesco;40;mies
Remo;40;mies
Nasir;40;mies
Joeli;40;mies
Kirmo;40;mies
Kay;40;mies
Jasin;40;mies
Retu;40;mies
Osvald;40;mies
Pasi-Petteri;40;mies
Seth;40;mies
Jalmar;40;mies
Haidar;40;mies
Hussain;40;mies
Veka;40;mies
Amadeus;40;mies
Egor;40;mies
Esma;40;nainen
Gunlis;40;nainen
Casandra;40;nainen
Eleanor;40;nainen
Kelly;40;nainen
Liisu;40;nainen
Melis;40;nainen
Vilma-Lotta;40;nainen
Vida;40;nainen
Dolly;40;nainen
Noa;40;nainen
Ulla-Kaisa;40;nainen
Taira;40;nainen
Alfhild;40;nainen
Milea;40;nainen
Ulla-Leena;40;nainen
Emma-Maria;40;nainen
Juudit;40;nainen
Hilla-Maria;40;nainen
Gita;40;nainen
Arita;40;nainen
Annemarie;40;nainen
Izabella;40;nainen
Ebbe;39;mies
Danil;39;mies
Nici;39;mies
Georgi;39;mies
Hong;39;mies
Tuovi;39;mies
Tomi-Petteri;39;mies
Toni-Petteri;39;mies
Taha;39;mies
Dimitrios;39;mies
Philippe;39;mies
Seeti;39;mies
Aku-Petteri;39;mies
Jedi;39;mies
Antony;39;mies
Aslan;39;mies
Francis;39;mies
Salah;39;mies
Esmeralda;39;nainen
Eja;39;nainen
Iiri;39;nainen
Hawo;39;nainen
Farah;39;nainen
Anne-Liisa;39;nainen
Henna-Leena;39;nainen
Ingegärd;39;nainen
Selene;39;nainen
Melody;39;nainen
Phuong;39;nainen
Merina;39;nainen
Marinka;39;nainen
Tuomi;39;nainen
Aire;39;nainen
Metta;39;nainen
Mariette;39;nainen
Faina;39;nainen
Mira-Maria;39;nainen
Erja-Riitta;39;nainen
Eija-Sinikka;39;nainen
Tanita;39;nainen
Sarika;39;nainen
Vivi-Ann;39;nainen
Tiia-Riina;39;nainen
Gundel;39;nainen
Sundus;39;nainen
Petronella;39;nainen
Viviana;39;nainen
Larry;38;mies
Rickhard;38;mies
Omid;38;mies
Jerkko;38;mies
Ayman;38;mies
Sippo;38;mies
Armin;38;mies
Farid;38;mies
Göte;38;mies
Jan-Eerik;38;mies
Hannu-Matti;38;mies
Ake;38;mies
Zakariya;38;mies
Tatu-Pekka;38;mies
Arif;38;mies
Lauri-Pekka;38;mies
Sakariye;38;mies
Xuan;38;mies
Lumikki;38;nainen
Lotten;38;nainen
Lianna;38;nainen
Henna-Maija;38;nainen
Zinaida;38;nainen
Miia-Marika;38;nainen
Minéa;38;nainen
Theresia;38;nainen
Elinor;38;nainen
Wilda;38;nainen
Alia;38;nainen
Priitta;38;nainen
Aino-Inkeri;38;nainen
Seena;38;nainen
Evin;38;nainen
Yolanda;38;nainen
Jessina;38;nainen
Anastacia;38;nainen
Ann-Helen;38;nainen
Miranna;38;nainen
Leena-Kaarina;38;nainen
Eeda;38;nainen
Esme;38;nainen
Heili;38;nainen
Arianna;38;nainen
Alessa;38;nainen
Verona;38;nainen
Tuuni;38;nainen
Magdaleena;38;nainen
Tiina-Marja;38;nainen
Nasra;38;nainen
Hetti;38;nainen
Serafia;38;nainen
Emma-Kaisa;38;nainen
Vilina;38;nainen
Adanna;38;nainen
Alexsandra;38;nainen
Soilikki;38;nainen
Eevaleena;38;nainen
Eliza;38;nainen
Tico;37;mies
Hakan;37;mies
Theodore;37;mies
Walid;37;mies
Veli-Markku;37;mies
Mikko-Matti;37;mies
El;37;mies
Ilia;37;mies
Eilo;37;mies
Hakim;37;mies
Florian;37;mies
Joosu;37;mies
Jorge;37;mies
Darius;37;mies
Pellervo;37;mies
Adem;37;mies
Stepan;37;mies
Iisko;37;mies
Chi;37;mies
Ioannis;37;mies
Carl-Eric;37;mies
Gert;37;mies
Ville-Mikko;37;mies
Rimma;37;nainen
Tuija-Leena;37;nainen
Wendy;37;nainen
Wiivi;37;nainen
Sagal;37;nainen
Desirée;37;nainen
Nasti;37;nainen
Lydmila;37;nainen
Saara-Kaisa;37;nainen
Anni-Emilia;37;nainen
Vivianna;37;nainen
Ellamari;37;nainen
Annastina;37;nainen
Irkka;37;nainen
Ella-Maija;37;nainen
Tiia-Tuulia;37;nainen
Mare;37;nainen
Mesi;37;nainen
Gunni;37;nainen
Erja-Leena;37;nainen
Seita;37;nainen
Adeline;37;nainen
Sirpa-Leena;37;nainen
Francesca;37;nainen
Hilkka-Maija;37;nainen
Zahraa;37;nainen
Anja-Leena;37;nainen
Anne-Kaarina;37;nainen
Marja-Elina;37;nainen
Kayla;37;nainen
Ellanoora;37;nainen
Satu-Sisko;37;nainen
Jeni;37;nainen
Frey;36;mies
Jymy;36;mies
Abdulahi;36;mies
Arttu-Pekka;36;mies
Mikko-Ville;36;mies
Daavid;36;mies
Filipp;36;mies
Gary;36;mies
Misca;36;mies
Miitri;36;mies
Juha-Mikko;36;mies
Varma;36;mies
Oma;36;mies
Artjom;36;mies
Sylvester;36;mies
Haris;36;mies
Eetu-Pekka;36;mies
The;36;mies
Georgij;36;mies
Owen;36;mies
Emin;36;mies
Donald;36;mies
Mateo;36;mies
Jaso;36;mies
Reidar;36;mies
Sini-Tuuli;36;nainen
Joy;36;nainen
Farhia;36;nainen
Anne-Marjut;36;nainen
Noemi;36;nainen
Hanneli;36;nainen
Violet;36;nainen
Piret;36;nainen
Jenny-Maria;36;nainen
Tintti;36;nainen
Paloma;36;nainen
Le;36;nainen
Kitte;36;nainen
Carolin;36;nainen
Hanna-Marja;36;nainen
Janella;36;nainen
Malviina;36;nainen
Awa;36;nainen
Iida-Lotta;36;nainen
Merete;36;nainen
Yusra;36;nainen
Mi;36;nainen
Cathrine;36;nainen
Maijaliisa;36;nainen
Eeva-Kristiina;36;nainen
Amiira;36;nainen
Mirja-Riitta;36;nainen
Kuura;36;nainen
Ciia;36;nainen
Anu-Liisa;36;nainen
Aziz;35;mies
Ronni;35;mies
Egon;35;mies
Kenan;35;mies
Efe;35;mies
Samu-Petteri;35;mies
Raphael;35;mies
Aku-Pekka;35;mies
Idris;35;mies
Jörn;35;mies
Onni-Pekka;35;mies
Veerti;35;mies
Adiel;35;mies
Nathaniel;35;mies
Östen;35;mies
Hans-Peter;35;mies
Viacheslav;35;mies
Arda;35;mies
Dave;35;mies
Setti;35;mies
Danial;35;mies
Freddy;35;mies
Tarik;35;mies
Mikko-Matias;35;mies
Aadam;35;mies
Olli-Heikki;35;mies
Erina;35;nainen
Anni-Leena;35;nainen
Vega;35;nainen
Aniita;35;nainen
Brenda;35;nainen
Anu-Mari;35;nainen
Elsa-Maria;35;nainen
Henniina;35;nainen
Lykke;35;nainen
Elida;35;nainen
Ingvor;35;nainen
Natali;35;nainen
Simona;35;nainen
Xenia;35;nainen
Kea;35;nainen
Emma-Leena;35;nainen
Meh;35;nainen
Teija-Liisa;35;nainen
Heli-Maria;35;nainen
Annaliina;35;nainen
Krista-Maria;35;nainen
Meryem;35;nainen
Ruby;35;nainen
Helpi;35;nainen
Fardowsa;35;nainen
Zeynep;35;nainen
Emmaliina;35;nainen
Vivien;35;nainen
Lise-Lott;35;nainen
Iida-Maija;35;nainen
Viivi-Maria;35;nainen
Asmaa;35;nainen
Marjanne;35;nainen
Viktoriya;35;nainen
Anmari;35;nainen
Andréa;35;nainen
Jasna;35;nainen
Ros-Marie;35;nainen
Nikola;34;mies
Can;34;mies
Venne;34;mies
Dan-Erik;34;mies
Jaroslav;34;mies
Arni;34;mies
Dario;34;mies
Kasmir;34;mies
Bastian;34;mies
Philipp;34;mies
Hashim;34;mies
Valentino;34;mies
Nicolai;34;mies
Lamin;34;mies
Vilgot;34;mies
Aari;34;mies
Ervo;34;mies
Evgeni;34;mies
Ari-Juhani;34;mies
Christos;34;mies
Antti-Matti;34;mies
Simopekka;34;mies
Grigori;34;mies
Aabel;34;mies
Leander;34;mies
John-Erik;34;mies
Eena;34;nainen
Iqra;34;nainen
Adéle;34;nainen
Leena-Mari;34;nainen
Sorella;34;nainen
Kerttuli;34;nainen
Mari-Leena;34;nainen
Mariama;34;nainen
Maissi;34;nainen
Pia-Kristiina;34;nainen
Hawa;34;nainen
Reetta-Leena;34;nainen
Hannamaria;34;nainen
Venna;34;nainen
Tatjaana;34;nainen
Aline;34;nainen
Lilla;34;nainen
Anu-Leena;34;nainen
Ditte;34;nainen
Mari-Ann;34;nainen
Varvara;34;nainen
Vesta;34;nainen
Sini-Marja;34;nainen
Dorothy;34;nainen
Naimi;34;nainen
Oma;34;nainen
Faisa;34;nainen
Anne-Christine;34;nainen
Taisia;34;nainen
Arlene;34;nainen
Samy;33;mies
Claudio;33;mies
Nilla;33;mies
Khalil;33;mies
Henning;33;mies
Noam;33;mies
Sonny;33;mies
Brahim;33;mies
Joas;33;mies
Maxwell;33;mies
Volter;33;mies
Kristjan;33;mies
Pyry-Petteri;33;mies
Lars-Göran;33;mies
Uki;33;mies
Rino;33;mies
Aare;33;mies
Koitto;33;mies
Erol;33;mies
Hüseyin;33;mies
Bob;33;mies
Matti-Juhani;33;mies
Farhan;33;mies
Eli;33;mies
Jyri-Petteri;33;mies
Birk;33;mies
Niels;33;mies
Metin;33;mies
Otto-Pekka;33;mies
Hendrik;33;mies
Jouna;33;mies
Hector;33;mies
Aaretti;33;mies
Marja-Kristiina;33;nainen
Fatemeh;33;nainen
Siham;33;nainen
Aada-Sofia;33;nainen
Alisia;33;nainen
Ioulia;33;nainen
Hetta;33;nainen
Renate;33;nainen
Sadia;33;nainen
Gun-May;33;nainen
Sanni-Sofia;33;nainen
Irinja;33;nainen
Ayse;33;nainen
Eeva-Sisko;33;nainen
Leena-Sisko;33;nainen
Varma;33;nainen
Jaana-Maria;33;nainen
Dea;33;nainen
Saara-Sofia;33;nainen
Saija-Leena;33;nainen
Leena-Riitta;33;nainen
Anne-Maaret;33;nainen
Reetta-Kaisa;33;nainen
Marikka;33;nainen
Kirsi-Maaria;33;nainen
Milja-Maria;33;nainen
Siro;33;nainen
Marjaterttu;33;nainen
Marlen;33;nainen
Ismael;32;mies
Cong;32;mies
Mirka;32;mies
Ville-Juhani;32;mies
Ingemar;32;mies
Allu;32;mies
Juho-Ville;32;mies
Hadi;32;mies
Jere-Petteri;32;mies
Bashir;32;mies
Yunus;32;mies
Baran;32;mies
Arjo;32;mies
Jaki;32;mies
Abdiaziz;32;mies
Veli-Juhani;32;mies
Antti-Oskari;32;mies
Ayuub;32;mies
Jay;32;mies
Mitri;32;mies
Aaku;32;mies
Janus;32;mies
Alejandro;32;mies
Sointu;32;mies
Jouni-Pekka;32;mies
Jüri;32;mies
Tien;32;mies
Willem;32;mies
Juho-Heikki;32;mies
Cameron;32;mies
Seija-Sisko;32;nainen
Sini-Maarit;32;nainen
Joanne;32;nainen
Christin;32;nainen
Joana;32;nainen
Sissel;32;nainen
Linea;32;nainen
Sanna-Riitta;32;nainen
Hiba;32;nainen
Vea;32;nainen
Bushra;32;nainen
Hanna-Riina;32;nainen
Jessiina;32;nainen
Ada-Maria;32;nainen
Rana;32;nainen
Mai-Lis;32;nainen
Amilia;32;nainen
Samsam;32;nainen
Stefania;32;nainen
Rosalie;32;nainen
Kirta;32;nainen
Sana;32;nainen
Eevamaria;32;nainen
Laura-Maija;32;nainen
Tiiamari;32;nainen
Bahar;32;nainen
Smilla;32;nainen
Iida-Liisa;32;nainen
Britt-Louise;32;nainen
Chloé;32;nainen
Salka;32;nainen
Miija;32;nainen
Sibel;32;nainen
Roosa-Mari;32;nainen
Rosi;32;nainen
Norah;32;nainen
Leonie;32;nainen
Zoja;32;nainen
Nenne;32;nainen
Farida;32;nainen
Eevakaisa;32;nainen
Nomi;32;nainen
Mandy;32;nainen
Eva-Marie;32;nainen
Younes;31;mies
Berat;31;mies
Ammar;31;mies
Jaime;31;mies
Sante;31;mies
Tord;31;mies
Aalto;31;mies
Ramses;31;mies
Alho;31;mies
Salman;31;mies
Keith;31;mies
Thure;31;mies
Cosmo;31;mies
Olli-Jussi;31;mies
Abdirisak;31;mies
Dean;31;mies
Abdel;31;mies
Mortti;31;mies
Jürgen;31;mies
Saman;31;mies
Ivo;31;mies
Adolf;31;mies
Ailo;31;mies
Pierre;31;mies
Vili-Veikko;31;mies
Juho-Matias;31;mies
Lars-Eric;31;mies
Tor-Björn;31;mies
Musab;31;mies
Valery;31;mies
Tuan;31;mies
Kari-Tapio;31;mies
Janiel;31;mies
Natja;31;nainen
Maare;31;nainen
Ciara;31;nainen
Telle;31;nainen
Karelia;31;nainen
Nasro;31;nainen
Diane;31;nainen
Bertha;31;nainen
Aija-Leena;31;nainen
Thyra;31;nainen
Hannaliisa;31;nainen
Lizette;31;nainen
Eedith;31;nainen
Florence;31;nainen
Aletta;31;nainen
Ashley;31;nainen
Desiree;31;nainen
Melia;31;nainen
Eva-Maija;31;nainen
Onna;31;nainen
Enia;31;nainen
Kiisa;31;nainen
Saara-Liisa;31;nainen
Celeste;31;nainen
Noelia;31;nainen
Kiia-Maria;31;nainen
Kerttu-Liisa;31;nainen
Iida-Mari;31;nainen
Tiina-Leena;31;nainen
Seija-Leena;31;nainen
Sannamaija;31;nainen
Katie;31;nainen
Kirsi-Leena;31;nainen
Suvi-Maarit;31;nainen
Evena;31;nainen
Kaiho;31;nainen
Marge;31;nainen
Caterina;31;nainen
Gladys;31;nainen
Sanna-Marja;31;nainen
Eija-Inkeri;31;nainen
Marlena;31;nainen
Alba;31;nainen
Ullamari;31;nainen
Katy;31;nainen
Jeeli;30;mies
Lorenzo;30;mies
Oki;30;mies
Lars-Henrik;30;mies
Silas;30;mies
Conrad;30;mies
Hanad;30;mies
Abdulrahman;30;mies
Juha-Ville;30;mies
Miklos;30;mies
Samu-Pekka;30;mies
Edi;30;mies
Misha;30;mies
Pate;30;mies
German;30;mies
Angelo;30;mies
Love;30;mies
Jeremiah;30;mies
Sulho;30;mies
Yonis;30;mies
Ville-Veikka;30;mies
Christoph;30;mies
Tarek;30;mies
Juuso-Petteri;30;mies
Jeffrey;30;mies
Johny;30;mies
Kemal;30;mies
Gleb;30;mies
Kivi;30;mies
Kyle;30;mies
Sigvard;30;mies
Aiden;30;mies
Salim;30;mies
Janos;30;mies
Nikolaj;30;mies
Fernando;30;mies
Aripekka;30;mies
Riitta-Marja;30;nainen
Rafaela;30;nainen
Mari-Susanna;30;nainen
Hibo;30;nainen
Meliina;30;nainen
Milia;30;nainen
Eyvor;30;nainen
Eetla;30;nainen
Anne-Marika;30;nainen
Marja-Lea;30;nainen
Aylin;30;nainen
June;30;nainen
Eevamaija;30;nainen
Meerit;30;nainen
Iida-Emilia;30;nainen
Sickan;30;nainen
Suvianna;30;nainen
Anab;30;nainen
Yan;30;nainen
Tuuve;30;nainen
Eeva-Riikka;30;nainen
Roosa-Maaria;30;nainen
Ainomaria;30;nainen
Ramla;30;nainen
Minnaliisa;30;nainen
Ulla-Britta;30;nainen
Tuuli-Maaria;30;nainen
Mathilde;30;nainen
Iryna;30;nainen
Chantal;30;nainen
Emelia;30;nainen
Linda-Marie;30;nainen
Maija-Sisko;30;nainen
Matilde;30;nainen
Meena;30;nainen
Anne-Charlotte;30;nainen
Nasrin;30;nainen
Greeta;30;nainen
Vilko;29;mies
Stanley;29;mies
Gregory;29;mies
Larri;29;mies
Habib;29;mies
Josia;29;mies
Enis;29;mies
Nilo;29;mies
Olivier;29;mies
Pyry-Pekka;29;mies
Juha-Markus;29;mies
Vennu;29;mies
Ville-Eemeli;29;mies
Helke;29;mies
Fuad;29;mies
Remy;29;mies
Sinan;29;mies
Lawrence;29;mies
Fatih;29;mies
Kari-Juhani;29;mies
Billy;29;mies
Halil;29;mies
Antoine;29;mies
Guido;29;mies
Vesa-Petteri;29;mies
Gilbert;29;mies
Miilo;29;mies
Gennadi;29;mies
Anssi-Pekka;29;mies
Kalle-Petteri;29;mies
Heikki-Pekka;29;mies
Nan;29;nainen
Natalija;29;nainen
Emma-Liisa;29;nainen
Kathy;29;nainen
Maren;29;nainen
Auroora;29;nainen
Saba;29;nainen
Marjoriitta;29;nainen
Lilija;29;nainen
Hanne-Maarit;29;nainen
Ubah;29;nainen
Maija-Stiina;29;nainen
Tuyet;29;nainen
Soini;29;nainen
Malika;29;nainen
Scarlett;29;nainen
Céline;29;nainen
Henna-Riitta;29;nainen
Riitta-Maria;29;nainen
Juanita;29;nainen
Anna-Pauliina;29;nainen
Eva-Kaarina;29;nainen
Henna-Maaria;29;nainen
Jenni-Johanna;29;nainen
Jemiina;29;nainen
Anna-Julia;29;nainen
Berfin;29;nainen
Ulla-Liisa;29;nainen
Adella;29;nainen
Maija-Kaarina;29;nainen
Rode;29;nainen
Vivika;29;nainen
Jonna-Riikka;29;nainen
Molla;29;nainen
Nikki;29;nainen
Minta;29;nainen
Anne-Maritta;29;nainen
Lovis;29;nainen
Mette-Maria;29;nainen
Eeva-Lotta;29;nainen
Nur;29;nainen
Neda;29;nainen
Jarre;28;mies
Vesa-Jukka;28;mies
Sami-Petri;28;mies
Yousef;28;mies
Wertti;28;mies
Javier;28;mies
Alessio;28;mies
Siilas;28;mies
Harun;28;mies
Abdallah;28;mies
Marvin;28;mies
Yasir;28;mies
Eliah;28;mies
Pekka-Juhani;28;mies
Théo;28;mies
Vitaly;28;mies
Jussipekka;28;mies
Nuno;28;mies
Mauro;28;mies
Jules;28;mies
Devin;28;mies
Arash;28;mies
Jamil;28;mies
Mahir;28;mies
Tani;28;mies
Kaappo;28;mies
Kris;28;mies
Ernesti;28;mies
Iivar;28;mies
Bogdan;28;mies
Maurits;28;mies
Feeli;28;mies
Jaakko-Pekka;28;mies
Mainio;28;mies
Mooses;28;mies
Vito;28;mies
Ukri;28;mies
Enrico;28;mies
Reini;28;mies
Saku-Pekka;28;mies
Sirkka-Maija;28;nainen
Maggie;28;nainen
Armiida;28;nainen
Aula;28;nainen
Lida;28;nainen
Serina;28;nainen
Titi;28;nainen
Emmi-Kaisa;28;nainen
Eva-Lena;28;nainen
Idun;28;nainen
Priska;28;nainen
Eleanora;28;nainen
Jertta;28;nainen
Tuulianna;28;nainen
Majlen;28;nainen
Ingemo;28;nainen
Marja-Anneli;28;nainen
Inga-Liisa;28;nainen
Markit;28;nainen
Suvi-Tuulikki;28;nainen
Katja-Leena;28;nainen
Katya;28;nainen
Tiinamari;28;nainen
Gunbritt;28;nainen
Jenna-Riikka;28;nainen
Ülle;28;nainen
Janna-Mari;28;nainen
Sannaleena;28;nainen
Hannemari;28;nainen
Marjo-Kaisa;28;nainen
Marsa;28;nainen
Jeena;28;nainen
Sirkkaliisa;28;nainen
Henna-Riina;28;nainen
Lilianna;28;nainen
Julina;28;nainen
Margareeta;28;nainen
Kia-Maria;28;nainen
Eili;28;nainen
Ruuth;28;nainen
Noora-Emilia;28;nainen
Tuikku;28;nainen
Rayan;28;nainen
Nyyti;28;nainen
Reetta-Maria;28;nainen
Ripsa;28;nainen
Inca;28;nainen
Eiri;28;nainen
Gunveig;28;nainen
Minh;28;nainen
Joyce;28;nainen
Ulla-Maarit;28;nainen
Najmo;28;nainen
Enes;27;mies
Jori-Pekka;27;mies
Veeti-Valtteri;27;mies
Jari-Juhani;27;mies
Asad;27;mies
Hartti;27;mies
Micah;27;mies
Mergim;27;mies
Antti-Veikko;27;mies
Ora;27;mies
Ylermi;27;mies
Ville-Antti;27;mies
Walle;27;mies
Ervin;27;mies
Goran;27;mies
Ismet;27;mies
Osma;27;mies
Tan;27;mies
Jimmie;27;mies
Suleiman;27;mies
Léo;27;mies
Rane;27;mies
Enver;27;mies
Jared;27;mies
Henri-Pekka;27;mies
Joosef;27;mies
Dion;27;mies
Kai-Markus;27;mies
Mustafe;27;mies
Milad;27;mies
Erkan;27;mies
Abraham;27;mies
Iouri;27;mies
Lauri-Matti;27;mies
Kalle-Matti;27;mies
Kalla;27;nainen
Ksenija;27;nainen
Tiija;27;nainen
Minne;27;nainen
Maria-Helena;27;nainen
Sigbritt;27;nainen
Maida;27;nainen
Nguyen;27;nainen
Julietta;27;nainen
Päivyt;27;nainen
Ela;27;nainen
Neera;27;nainen
Jael;27;nainen
Kathleen;27;nainen
Sävy;27;nainen
Emi;27;nainen
Catalina;27;nainen
Darina;27;nainen
Seliina;27;nainen
Neena;27;nainen
Habiba;27;nainen
Malgorzata;27;nainen
Helmi-Sofia;27;nainen
Ulla-Kaarina;27;nainen
Piita;27;nainen
Riia-Maria;27;nainen
Miia-Liisa;27;nainen
Mimma;27;nainen
Anne-Leena;27;nainen
Pippa;27;nainen
Sallamaria;27;nainen
Päivi-Sisko;27;nainen
Shirley;27;nainen
Helén;27;nainen
Inge-Britt;27;nainen
Leanna;27;nainen
Dolores;27;nainen
Madina;27;nainen
Hanna-Sofia;27;nainen
Heli-Marja;27;nainen
Lorena;27;nainen
Aino-Emilia;27;nainen
Anu-Kaisa;27;nainen
Krisse;27;nainen
Elza;27;nainen
Yuliya;27;nainen
Kukka-Maria;27;nainen
Maritsa;27;nainen
Sirppa;27;nainen
Kaja;27;nainen
Henna-Liisa;27;nainen
Brigitte;27;nainen
Idil;27;nainen
Cira;27;nainen
Daalia;27;nainen
Miia-Riikka;27;nainen
Tetti;27;nainen
Petra-Maria;27;nainen
Lejla;27;nainen
Aino-Marja;27;nainen
Sumu;26;mies
Eero-Matti;26;mies
Björn-Erik;26;mies
Connor;26;mies
Pasi-Matti;26;mies
Joni-Markus;26;mies
Farhad;26;mies
Duy;26;mies
Ville-Heikki;26;mies
Tryggve;26;mies
Nima;26;mies
Lorenz;26;mies
Federico;26;mies
Frederick;26;mies
Leopold;26;mies
Abdirahim;26;mies
Gideon;26;mies
Zakariye;26;mies
Kamil;26;mies
Peder;26;mies
Trong;26;mies
Carolus;26;mies
Peeter;26;mies
Simeoni;26;mies
Remus;26;mies
Viima;26;mies
Luqman;26;mies
Ville-Joonas;26;mies
Joonas-Petteri;26;mies
Juha-Veikko;26;mies
Sani;26;mies
Gerhard;26;mies
Aydin;26;mies
Calvin;26;mies
Hamse;26;mies
Tom-Erik;26;mies
Leimu;26;mies
Ville-Samuli;26;mies
Helky;26;nainen
Alisha;26;nainen
Rayaan;26;nainen
Dilan;26;nainen
Aiju;26;nainen
Sanna-Marika;26;nainen
Talvi;26;nainen
Virginia;26;nainen
Annimaria;26;nainen
Anetta;26;nainen
Tarina;26;nainen
Aino-Mari;26;nainen
Alison;26;nainen
Jasmiini;26;nainen
Marle;26;nainen
Saina;26;nainen
Emmi-Noora;26;nainen
Roosamari;26;nainen
Sania;26;nainen
Lin;26;nainen
Chelsea;26;nainen
Liila;26;nainen
Carol;26;nainen
Emmie;26;nainen
Suad;26;nainen
Sandy;26;nainen
Milla-Riina;26;nainen
Minna-Kristiina;26;nainen
Rosalinda;26;nainen
Lotta-Mari;26;nainen
Raija-Riitta;26;nainen
Lisa-Maria;26;nainen
Valerie;26;nainen
Annemaria;26;nainen
Seynab;26;nainen
Tuija-Riitta;26;nainen
Tatyana;26;nainen
Signhild;26;nainen
Hennamari;26;nainen
Muna;26;nainen
Elice;26;nainen
Nawal;26;nainen
Tähti;26;nainen
Merve;26;nainen
Tilla;26;nainen
Lynn;26;nainen
Nisa;26;nainen
Serafima;26;nainen
Tilta;26;nainen
Sini-Pilvi;26;nainen
Senia;26;nainen
Taru-Tuulia;26;nainen
Mari-Annika;26;nainen
Silja-Maria;26;nainen
Pilvi-Sisko;26;nainen
Ellimaija;26;nainen
Imad;25;mies
Niko-Matti;25;mies
Alain;25;mies
Asa;25;mies
Sasa;25;mies
Alban;25;mies
Michele;25;mies
Evgueni;25;mies
Feija;25;mies
Sami-Matti;25;mies
Xavier;25;mies
Yannick;25;mies
Ramon;25;mies
Rick;25;mies
Kurt-Erik;25;mies
Abdimalik;25;mies
Fabio;25;mies
Jyri-Matti;25;mies
Andi;25;mies
Nikko;25;mies
Peitsa;25;mies
Veli-Markus;25;mies
Thien;25;mies
Abukar;25;mies
Kassu;25;mies
Per-Henrik;25;mies
Ridwan;25;mies
Lasse-Pekka;25;mies
Eddy;25;mies
Dage;25;mies
Jukka-Tapio;25;mies
Mick;25;mies
Nolan;25;mies
Tanu;25;mies
Gia;25;mies
Olli-Veikko;25;mies
Abdirashid;25;mies
Bruuno;25;mies
Jani-Markus;25;mies
Karolus;25;mies
Abdirizak;25;mies
Ako;25;mies
Nalle;25;mies
Mirco;25;mies
Kai-Kristian;25;mies
Miles;25;mies
Kaj-Olof;25;mies
Tero-Matti;25;mies
Maxime;25;mies
Sima;25;nainen
Satu-Johanna;25;nainen
Ull-Britt;25;nainen
Fatou;25;nainen
Alvina;25;nainen
Amaal;25;nainen
Anni-Lotta;25;nainen
Raissa;25;nainen
Mariya;25;nainen
Peppilotta;25;nainen
Anissa;25;nainen
Saara-Leena;25;nainen
Marine;25;nainen
Venla-Maria;25;nainen
Vilmiina;25;nainen
Hailey;25;nainen
Delia;25;nainen
Camille;25;nainen
Mia-Marika;25;nainen
Ira-Maria;25;nainen
Gabrielle;25;nainen
Anne-Helena;25;nainen
Britt-Inger;25;nainen
Rosa-Marie;25;nainen
Meritta;25;nainen
Minnie;25;nainen
Emilla;25;nainen
Seila;25;nainen
Maria-Sofia;25;nainen
Emmelie;25;nainen
Agata;25;nainen
Riikka-Maija;25;nainen
Ellamaria;25;nainen
Pia-Leena;25;nainen
Iidamaria;25;nainen
Anuliina;25;nainen
Vivica;25;nainen
Shamso;25;nainen
Leena-Marjatta;25;nainen
Lotta-Emilia;25;nainen
Enni-Maria;25;nainen
Suvi-Elina;25;nainen
Sasha;25;nainen
Nimco;25;nainen
Hannariikka;25;nainen
Meya;25;nainen
Darling;25;nainen
Elli-Mari;25;nainen
Tuttu;25;nainen
Henna-Maarit;25;nainen
Sabrin;25;nainen
Jella;25;nainen
Marjanna;25;nainen
Nea-Sofia;25;nainen
Renée;25;nainen
Sini-Vuokko;25;nainen
Alevtina;25;nainen
Anne-Maaria;25;nainen
Eveline;25;nainen
Zanna;25;nainen
Emeliina;25;nainen
Ania;25;nainen
Desiré;25;nainen
Edona;25;nainen
Aryan;24;mies
Henno;24;mies
Riku-Ville;24;mies
Mohsen;24;mies
Faruk;24;mies
Eepi;24;mies
Petros;24;mies
Abdinasir;24;mies
Serhat;24;mies
Rodi;24;mies
Sébastien;24;mies
András;24;mies
Antti-Petteri;24;mies
Rani;24;mies
Danila;24;mies
Karwan;24;mies
Viatcheslav;24;mies
Benyamin;24;mies
Matvey;24;mies
Nader;24;mies
Onur;24;mies
Jurkka;24;mies
Juha-Tapio;24;mies
Ville-Waltteri;24;mies
Lee;24;mies
Hardy;24;mies
Aden;24;mies
Mahamud;24;mies
Attila;24;mies
Kai-Mikael;24;mies
Shahin;24;mies
Aro;24;mies
Juho-Jaakko;24;mies
Jarto;24;mies
Aiman;24;mies
Yoonis;24;mies
Gustavo;24;mies
Miroslav;24;mies
Abdurahman;24;mies
Misael;24;mies
Orhan;24;mies
Vili-Pekka;24;mies
Jere-Pekka;24;mies
Terry;24;mies
Dmitrii;24;mies
Sakri;24;mies
Bryan;24;mies
Kaiku;24;mies
Are;24;mies
Kim-Erik;24;mies
Nikodemus;24;mies
Fedor;24;mies
Edita;24;nainen
Tyyra;24;nainen
Justina;24;nainen
Nila;24;nainen
Samiira;24;nainen
Lilya;24;nainen
Majken;24;nainen
Dunia;24;nainen
Malou;24;nainen
Annel;24;nainen
Giulia;24;nainen
Aino-Leena;24;nainen
Heli-Maarit;24;nainen
Aija-Liisa;24;nainen
Lisa-Marie;24;nainen
Tari;24;nainen
Faduma;24;nainen
Dorita;24;nainen
Priita;24;nainen
Ada-Emilia;24;nainen
Ilham;24;nainen
Sievä;24;nainen
Siv-Britt;24;nainen
Milla-Emilia;24;nainen
Ancela;24;nainen
Margetta;24;nainen
Iraida;24;nainen
Pihla-Maria;24;nainen
Elliina;24;nainen
Kaisaleena;24;nainen
Tupu;24;nainen
Else-May;24;nainen
Ayda;24;nainen
Eeva-Helena;24;nainen
Emma-Liina;24;nainen
Evie;24;nainen
Teiju;24;nainen
Pi;24;nainen
Titta-Maria;24;nainen
Melike;24;nainen
Nele;24;nainen
Mirela;24;nainen
Nura;24;nainen
Fatema;24;nainen
Kristen;24;nainen
Amani;24;nainen
Trine;24;nainen
Mairi;24;nainen
Nataliya;24;nainen
Minna-Marika;24;nainen
Sannamaria;24;nainen
Mayvor;24;nainen
Gun-Viol;24;nainen
Ida-Mari;24;nainen
Shahla;24;nainen
Salla-Maija;24;nainen
Madelen;24;nainen
Carolyn;24;nainen
Hanna-Kaarina;24;nainen
Sari-Susanna;24;nainen
Satu-Susanna;24;nainen
Anna-Elisa;24;nainen
Muska;24;nainen
Mairit;24;nainen
Elisaveta;24;nainen
Jiina;24;nainen
Holly;24;nainen
Anu-Maija;24;nainen
Ferhat;23;mies
Raikko;23;mies
Jerko;23;mies
Jethro;23;mies
Milos;23;mies
Wictor;23;mies
Bernard;23;mies
Hamsa;23;mies
Kirka;23;mies
Vesa-Petri;23;mies
Jiko;23;mies
Vinh;23;mies
Douglas;23;mies
Eduardo;23;mies
Kerim;23;mies
Aatami;23;mies
Rashid;23;mies
Karl-Olof;23;mies
Tomasz;23;mies
Atlas;23;mies
Heppu;23;mies
Vasily;23;mies
Eetu-Oskari;23;mies
Timo-Juhani;23;mies
Veli-Petri;23;mies
Jommi;23;mies
Vu;23;mies
Yki;23;mies
Josa;23;mies
Tariq;23;mies
Bekim;23;mies
Mica;23;mies
Olli-Juhani;23;mies
Tyler;23;mies
Lion;23;mies
Janne-Juhani;23;mies
Sacha;23;mies
Stefanos;23;mies
Manfred;23;mies
Husein;23;mies
Ari-Jussi;23;mies
Felipe;23;mies
Solomon;23;mies
Rein;23;mies
Fatmir;23;mies
Ari-Heikki;23;mies
Artin;23;mies
Veli-Ville;23;mies
Ari-Petri;23;mies
Naser;23;mies
Rudy;23;mies
Margus;23;mies
Mimoza;23;nainen
Ing-Britt;23;nainen
Maileena;23;nainen
Mari-Kaisa;23;nainen
Ene;23;nainen
Miina-Maria;23;nainen
Gunvi;23;nainen
Varpu-Leena;23;nainen
Liina-Lotta;23;nainen
Pia-Sofia;23;nainen
Elmira;23;nainen
Faadumo;23;nainen
Marja-Maija;23;nainen
Helny;23;nainen
Vilhelmina;23;nainen
Maria-Riitta;23;nainen
Jennimari;23;nainen
Marena;23;nainen
Nina-Mari;23;nainen
Suzana;23;nainen
Annariitta;23;nainen
Vanilla;23;nainen
Aleksia;23;nainen
Päivi-Maria;23;nainen
Janice;23;nainen
Kirsi-Marjut;23;nainen
Sirpa-Riitta;23;nainen
Adaliina;23;nainen
Kamila;23;nainen
Ariela;23;nainen
Mercedes;23;nainen
Odelia;23;nainen
Ainokaisa;23;nainen
Bich;23;nainen
Sanniina;23;nainen
Reina;23;nainen
Mariaana;23;nainen
Helianna;23;nainen
Anni-Helena;23;nainen
Ninette;23;nainen
Mari-Elina;23;nainen
Ofelia;23;nainen
Samia;23;nainen
Elli-Sofia;23;nainen
Hanaan;23;nainen
Jaanika;23;nainen
Pipa;23;nainen
Ivy;23;nainen
Derya;23;nainen
Karima;23;nainen
Keira;23;nainen
Niina-Mari;23;nainen
Hoang;23;nainen
Zelda;23;nainen
Minette;23;nainen
Laura-Emilia;23;nainen
Anniliina;23;nainen
Millie;23;nainen
Sini-Sofia;23;nainen
Maxine;23;nainen
Lissu;23;nainen
Jelina;23;nainen
Rosanne;23;nainen
Jenifer;23;nainen
Lotta-Liisa;23;nainen
Munira;23;nainen
Lenni-Kalle;22;mies
Heinz;22;mies
Khadar;22;mies
Majid;22;mies
Ernesto;22;mies
Julien;22;mies
Jami-Petteri;22;mies
Abdulla;22;mies
Antti-Heikki;22;mies
Leo-Pekka;22;mies
Ramazan;22;mies
Onni-Oskari;22;mies
Wilton;22;mies
Giuseppe;22;mies
Jeemi;22;mies
Yousif;22;mies
Elliott;22;mies
Hicham;22;mies
Cedrik;22;mies
Jurij;22;mies
Aldo;22;mies
Saarni;22;mies
Anselm;22;mies
Dana;22;mies
Milian;22;mies
Aleksandar;22;mies
Ara;22;mies
Eren;22;mies
Dmitrij;22;mies
Jun;22;mies
Erland;22;mies
Tarkko;22;mies
Afrim;22;mies
Markos;22;mies
Driss;22;mies
Jan-Ove;22;mies
Nikki;22;mies
Saif;22;mies
Roomeo;22;mies
Carl-Axel;22;mies
Mattis;22;mies
Andréas;22;mies
Antti-Eemeli;22;mies
Viet;22;mies
Dahir;22;mies
Arvin;22;mies
Madicken;22;nainen
Lilja-Maria;22;nainen
Villa;22;nainen
Eila-Maija;22;nainen
Taiju;22;nainen
Idamaria;22;nainen
Riittaliisa;22;nainen
Nasteho;22;nainen
Hillervo;22;nainen
Sihaam;22;nainen
Mireille;22;nainen
Iro;22;nainen
Natascha;22;nainen
Mariita;22;nainen
Alica;22;nainen
Mertta;22;nainen
Iana;22;nainen
Eugenia;22;nainen
Kara;22;nainen
Sasa;22;nainen
Siiri-Maria;22;nainen
Silke;22;nainen
Néa;22;nainen
Leenamaija;22;nainen
Rosamaria;22;nainen
Maija-Reetta;22;nainen
Zamzam;22;nainen
Jerika;22;nainen
Mariko;22;nainen
Lis-Britt;22;nainen
Lotta-Sofia;22;nainen
Majbritt;22;nainen
Rosemarie;22;nainen
Sarai;22;nainen
Marinella;22;nainen
Isadora;22;nainen
Berith;22;nainen
Ann-May;22;nainen
Eliise;22;nainen
Kaneli;22;nainen
Sirena;22;nainen
Liz;22;nainen
Nanja;22;nainen
Renee;22;nainen
Els-Maj;22;nainen
Kastanja;22;nainen
Tuulevi;22;nainen
Dilara;22;nainen
Kristi;22;nainen
Emmi-Julia;22;nainen
Jenni-Kaisa;22;nainen
Hilja-Maria;22;nainen
Katja-Mari;22;nainen
Hilla-Maaria;22;nainen
Kati-Johanna;22;nainen
Agnesa;22;nainen
Alana;22;nainen
Fartun;22;nainen
Minna-Marja;22;nainen
Torborg;22;nainen
Kimberly;22;nainen
Liisamaija;22;nainen
Debora;22;nainen
Thilde;22;nainen
Suvi-Anna;22;nainen
Kirsi-Maija;22;nainen
Irmelin;22;nainen
Danica;22;nainen
Lidija;22;nainen
Rahmo;22;nainen
Riina-Maija;22;nainen
Linh;22;nainen
Maija-Helena;22;nainen
Gun-Marie;22;nainen
Reetta-Maija;22;nainen
Mari-Helena;22;nainen
Saili;22;nainen
Henriina;22;nainen
Hermann;21;mies
Karl-Oskar;21;mies
Terje;21;mies
Iippo;21;mies
Janrik;21;mies
Jan-Krister;21;mies
Sami-Jussi;21;mies
Sami-Ville;21;mies
Imre;21;mies
Urban;21;mies
Liiban;21;mies
Poju;21;mies
Miika-Matias;21;mies
Gunder;21;mies
Nichlas;21;mies
Le;21;mies
Fouad;21;mies
Sandro;21;mies
Tiko;21;mies
Espen;21;mies
Carl-Oscar;21;mies
Freddie;21;mies
Juhopekka;21;mies
Santiago;21;mies
Giovanni;21;mies
Pirkka-Pekka;21;mies
Timo-Matti;21;mies
Vjatseslav;21;mies
Jama;21;mies
Robbie;21;mies
Frederik;21;mies
Jarl-Erik;21;mies
Austin;21;mies
Shawn;21;mies
Tommie;21;mies
Bengt-Erik;21;mies
Ahvo;21;mies
Solmu;21;mies
Brage;21;mies
Kaiho;21;mies
Ossi-Pekka;21;mies
Villiam;21;mies
Frans-Emil;21;mies
Matti-Petteri;21;mies
Damir;21;mies
Noureddine;21;mies
Abdurrahman;21;mies
Aku-Matti;21;mies
Carl-Olof;21;mies
Ringo;21;mies
Umar;21;mies
Kalle-Antti;21;mies
Yann;21;mies
Alaa;21;mies
Ezra;21;mies
Kadir;21;mies
Abdiqani;21;mies
Ayoub;21;mies
Penna;21;mies
Joni-Petri;21;mies
Caleb;21;mies
Abdelaziz;21;mies
Ruu;21;mies
Weikka;21;mies
Jacques;21;mies
Vasilisa;21;nainen
Deniz;21;nainen
Inka-Riina;21;nainen
Beerit;21;nainen
Taisa;21;nainen
Madeline;21;nainen
Minnamaria;21;nainen
Emilja;21;nainen
Piia-Riitta;21;nainen
Dahlia;21;nainen
Therése;21;nainen
Tiinu;21;nainen
Nahid;21;nainen
Donia;21;nainen
Inga-Maria;21;nainen
Serja;21;nainen
Osmi;21;nainen
Maira;21;nainen
Nelli-Maria;21;nainen
Olka;21;nainen
Perla;21;nainen
Odette;21;nainen
Inge-May;21;nainen
Lumikukka;21;nainen
Audrey;21;nainen
Aasa;21;nainen
Farhiyo;21;nainen
Susana;21;nainen
Moira;21;nainen
Hoda;21;nainen
Adea;21;nainen
Anna-Kristina;21;nainen
Eerica;21;nainen
Svitlana;21;nainen
May-Len;21;nainen
Anett;21;nainen
Nathalia;21;nainen
Heli-Maija;21;nainen
Mai-Britt;21;nainen
Toivi;21;nainen
Viviann;21;nainen
Päivi-Helena;21;nainen
Uliana;21;nainen
Sindi;21;nainen
Alfa;21;nainen
Rosina;21;nainen
Anna-Tuulia;21;nainen
Naana;21;nainen
Dinah;21;nainen
Chris;21;nainen
Shani;21;nainen
Elke;21;nainen
Iivi;21;nainen
Maiju-Leena;21;nainen
Annasofia;21;nainen
Effi;21;nainen
Anja-Kaarina;21;nainen
Emmaleena;21;nainen
Piia-Pauliina;21;nainen
India;21;nainen
Beatriz;21;nainen
Tiltu;21;nainen
Rabia;21;nainen
Katalin;21;nainen
Olesya;21;nainen
Anna-Leea;21;nainen
Melita;21;nainen
Iija;21;nainen
Lis-Marie;21;nainen
Miia-Maarit;21;nainen
Egzona;21;nainen
Virpi-Liisa;21;nainen
Maj-Brit;21;nainen
Annabelle;21;nainen
Tanja-Maria;21;nainen
Rebeca;21;nainen
Rodrigo;20;mies
Wiggo;20;mies
Hannu-Heikki;20;mies
Karrar;20;mies
Olli-Mikko;20;mies
Silver;20;mies
Sami-Jukka;20;mies
Hessu;20;mies
Jiska;20;mies
Nur;20;mies
Abubakar;20;mies
Davide;20;mies
Cai;20;mies
Michail;20;mies
Ailu;20;mies
Ilkka-Kristian;20;mies
Nicolás;20;mies
Abderrahmane;20;mies
Karl-Gustaf;20;mies
Jegor;20;mies
Alper;20;mies
Per-Åke;20;mies
Carl-Christian;20;mies
Nikolaus;20;mies
Ollimatti;20;mies
Antreas;20;mies
Olaf;20;mies
Lars-Åke;20;mies
Nasim;20;mies
Dany;20;mies
Jan-Michael;20;mies
Salmaan;20;mies
Sigge;20;mies
Mete;20;mies
Agim;20;mies
Jooas;20;mies
Liibaan;20;mies
Logan;20;mies
Upi;20;mies
Egzon;20;mies
Albion;20;mies
Bruce;20;mies
Jalle;20;mies
Matti-Jussi;20;mies
Reda;20;mies
Abu;20;mies
Alwin;20;mies
Wincent;20;mies
Faysal;20;mies
Lahja;20;mies
Tomás;20;mies
Anttijussi;20;mies
Ba;20;mies
Elon;20;mies
Hendry;20;mies
Ramzi;20;mies
Nando;20;mies
Thommy;20;mies
Reni;20;mies
Vesa-Ville;20;mies
Abbe;20;mies
Pehr-Erik;20;mies
Davin;20;mies
Ardian;20;mies
Sebastien;20;mies
Jan-Christer;20;mies
Wiljo;20;mies
Artto;20;mies
Adi;20;mies
Kalle-Oskari;20;mies
Eeropekka;20;mies
Georges;20;mies
Per-Johan;20;mies
Walther;20;mies
Petrik;20;mies
Tomek;20;mies
Ellimari;20;nainen
Alda;20;nainen
Ann-Cathrine;20;nainen
Anna-Marie;20;nainen
Viima;20;nainen
Jaana-Maarit;20;nainen
Sari-Anneli;20;nainen
Paula-Maria;20;nainen
Junia;20;nainen
Elsbeth;20;nainen
Mirabella;20;nainen
Mirigli;20;nainen
Kadri;20;nainen
Meini;20;nainen
Seea;20;nainen
Rebekah;20;nainen
Isa-Maria;20;nainen
Ainikki;20;nainen
Suvi-Sisko;20;nainen
Eeva-Kaija;20;nainen
Anna-Lea;20;nainen
Mari-Liisa;20;nainen
Donya;20;nainen
Tetta;20;nainen
Eija-Maija;20;nainen
Riitta-Anneli;20;nainen
Roda;20;nainen
Uljana;20;nainen
Jemilia;20;nainen
Annmarie;20;nainen
Marléne;20;nainen
Nida;20;nainen
Ellinora;20;nainen
Mariikka;20;nainen
Ida-Kaisa;20;nainen
Yael;20;nainen
Ajla;20;nainen
Laura-Elina;20;nainen
Angelique;20;nainen
Ann-Maria;20;nainen
Riina-Kaisa;20;nainen
Kiki;20;nainen
Alviina;20;nainen
Satu-Päivikki;20;nainen
Iinu;20;nainen
Miitu;20;nainen
Nani;20;nainen
Jessie;20;nainen
Binta;20;nainen
Tiia-Liisa;20;nainen
Camila;20;nainen
Tuana;20;nainen
Nata;20;nainen
Veera-Kaisa;20;nainen
Kaisa-Marja;20;nainen
Uni;20;nainen
Madison;20;nainen
Triinu;20;nainen
Ida-Maija;20;nainen
Marjam;20;nainen
Gullvi;20;nainen
Anna-Katarina;20;nainen
Tuula-Maria;20;nainen
Alona;20;nainen
Katja-Maarit;20;nainen
Neta;20;nainen
Milou;20;nainen
Narges;20;nainen
Briita;20;nainen
Anna-Kreetta;20;nainen
Senny;20;nainen
Sofiia;20;nainen
Yara;20;nainen
Silve;20;nainen
Jeanne;20;nainen
Reet;20;nainen
Delila;20;nainen
Indira;20;nainen
Aleksina;20;nainen
Eedi;20;nainen
Wivi;20;nainen
Saranda;20;nainen
Brita-Liisa;20;nainen
Silje;20;nainen
Anne-Elina;20;nainen
Isella;20;nainen
Anzhelika;20;nainen
Britt-Maj;20;nainen
Hajar;20;nainen
Malle;20;nainen
Anh;20;nainen
Arlinda;20;nainen
Nour;20;nainen
Agnetha;20;nainen